,df,model,fold,iteration,accuracy,precision,recall,true_negative_rate,f2_score,f3_score
0,ace,SVM,1,1,98.3974358974359,33.33333333333333,11.11111111111111,99.67479674796748,12.82051282051282,11.904761904761903
1,ace,DT,1,1,95.59294871794873,8.88888888888889,22.22222222222222,96.66666666666667,17.094017094017094,19.32367149758454
2,ace,RF,1,1,98.5576923076923,0.0,0.0,100.0,0.0,0.0
3,ace,LR,1,1,98.3974358974359,42.857142857142854,33.33333333333333,99.34959349593497,34.883720930232556,34.09090909090909
4,ace,SVM,1,2,98.07692307692307,14.285714285714285,5.263157894736842,99.51179820992677,6.024096385542168,5.617977528089887
5,ace,DT,1,2,96.07371794871796,5.88235294117647,10.526315789473683,97.39625711960944,9.090909090909092,9.75609756097561
6,ace,RF,1,2,98.5576923076923,100.0,5.263157894736842,100.0,6.493506493506494,5.813953488372093
7,ace,LR,1,2,98.3173076923077,42.857142857142854,31.57894736842105,99.34906427990235,33.333333333333336,32.432432432432435
8,ace,SVM,2,1,98.71794871794873,75.0,16.666666666666664,99.91869918699187,19.736842105263158,18.072289156626507
9,ace,DT,2,1,96.63461538461539,7.142857142857142,11.11111111111111,97.88617886178862,9.999999999999998,10.526315789473681
10,ace,RF,2,1,98.63782051282051,100.0,5.555555555555555,100.0,6.849315068493151,6.134969325153375
11,ace,LR,2,1,98.4775641025641,46.666666666666664,38.88888888888889,99.34959349593497,40.229885057471265,39.548022598870055
12,ace,SVM,2,2,98.63782051282051,75.0,15.789473684210526,99.91863303498779,18.749999999999996,17.14285714285714
13,ace,DT,2,2,96.39423076923077,11.76470588235294,21.052631578947366,97.55899104963385,18.181818181818183,19.51219512195122
14,ace,RF,2,2,98.3974358974359,0.0,0.0,99.91863303498779,0.0,0.0
15,ace,LR,2,2,98.15705128205127,33.33333333333333,21.052631578947366,99.34906427990235,22.727272727272723,21.857923497267755
16,ace,SVM,3,1,98.4775641025641,42.857142857142854,16.666666666666664,99.67479674796748,18.987341772151897,17.75147928994083
17,ace,DT,3,1,96.55448717948718,12.121212121212121,22.22222222222222,97.64227642276423,19.047619047619047,20.51282051282051
18,ace,RF,3,1,98.63782051282051,100.0,5.555555555555555,100.0,6.849315068493151,6.134969325153375
19,ace,LR,3,1,98.3974358974359,42.857142857142854,33.33333333333333,99.34959349593497,34.883720930232556,34.09090909090909
20,ace,SVM,3,2,98.63782051282051,75.0,15.789473684210526,99.91863303498779,18.749999999999996,17.14285714285714
21,ace,DT,3,2,96.15384615384616,17.77777777777778,42.10526315789473,96.9894222945484,33.05785123966942,37.03703703703704
22,ace,RF,3,2,98.4775641025641,0.0,0.0,100.0,0.0,0.0
23,ace,LR,3,2,98.63782051282051,62.5,26.31578947368421,99.75589910496339,29.761904761904763,27.932960893854748
24,ace,SVM,4,1,98.23717948717949,20.0,5.263157894736842,99.67453213995118,6.172839506172839,5.681818181818182
25,ace,DT,4,1,95.59294871794873,9.090909090909092,21.052631578947366,96.7453213995118,16.666666666666664,18.6046511627907
26,ace,RF,4,1,98.3974358974359,0.0,0.0,99.91863303498779,0.0,0.0
27,ace,LR,4,1,98.63782051282051,58.333333333333336,36.84210526315789,99.59316517493897,39.77272727272727,38.251366120218584
28,ace,SVM,4,2,98.63782051282051,60.0,16.666666666666664,99.83739837398375,19.480519480519483,17.964071856287426
29,ace,DT,4,2,95.99358974358975,13.636363636363635,33.33333333333333,96.91056910569105,25.862068965517242,29.126213592233007
30,ace,RF,4,2,98.63782051282051,100.0,5.555555555555555,100.0,6.849315068493151,6.134969325153375
31,ace,LR,4,2,98.3974358974359,45.0,50.0,99.10569105691057,48.913043478260875,49.45054945054945
32,ace,SVM,5,1,98.95833333333334,85.71428571428571,33.33333333333333,99.91869918699187,37.974683544303794,35.50295857988166
33,ace,DT,5,1,97.27564102564102,16.666666666666664,22.22222222222222,98.3739837398374,20.833333333333332,21.505376344086017
34,ace,RF,5,1,98.5576923076923,50.0,5.555555555555555,99.91869918699187,6.756756756756757,6.097560975609757
35,ace,LR,5,1,98.71794871794873,57.14285714285714,44.44444444444444,99.51219512195122,46.511627906976734,45.454545454545446
36,ace,SVM,5,2,98.63782051282051,62.5,26.31578947368421,99.75589910496339,29.761904761904763,27.932960893854748
37,ace,DT,5,2,95.2724358974359,11.538461538461538,31.57894736842105,96.25711960943858,23.4375,26.905829596412556
38,ace,RF,5,2,98.4775641025641,50.0,5.263157894736842,99.91863303498779,6.41025641025641,5.780346820809249
39,ace,LR,5,2,98.3974358974359,47.05882352941176,42.10526315789473,99.26769731489016,43.01075268817204,42.553191489361694
40,ace,SVM,6,1,98.5576923076923,60.0,15.789473684210526,99.8372660699756,18.51851851851852,17.045454545454547
41,ace,DT,6,1,97.03525641025641,15.384615384615385,21.052631578947366,98.2099267697315,19.607843137254903,20.304568527918782
42,ace,RF,6,1,98.4775641025641,0.0,0.0,100.0,0.0,0.0
43,ace,LR,6,1,98.3974358974359,46.15384615384615,31.57894736842105,99.43043124491456,33.70786516853933,32.60869565217391
44,ace,SVM,6,2,98.5576923076923,50.0,16.666666666666664,99.7560975609756,19.23076923076923,17.857142857142854
45,ace,DT,6,2,96.39423076923077,13.513513513513514,27.77777777777778,97.39837398373984,22.93577981651376,25.125628140703522
46,ace,RF,6,2,98.5576923076923,50.0,5.555555555555555,99.91869918699187,6.756756756756757,6.097560975609757
47,ace,LR,6,2,98.4775641025641,46.666666666666664,38.88888888888889,99.34959349593497,40.229885057471265,39.548022598870055
48,ace,SVM,7,1,98.5576923076923,100.0,5.263157894736842,100.0,6.493506493506494,5.813953488372093
49,ace,DT,7,1,96.39423076923077,13.88888888888889,26.31578947368421,97.47762408462164,22.32142857142857,24.154589371980677
50,ace,RF,7,1,98.4775641025641,0.0,0.0,100.0,0.0,0.0
51,ace,LR,7,1,98.23717948717949,38.46153846153847,26.31578947368421,99.34906427990235,28.08988764044944,27.173913043478258
52,ace,SVM,7,2,98.5576923076923,50.0,11.11111111111111,99.83739837398375,13.157894736842104,12.048192771084338
53,ace,DT,7,2,96.55448717948718,14.285714285714285,27.77777777777778,97.5609756097561,23.364485981308412,25.38071065989848
54,ace,RF,7,2,98.5576923076923,50.0,5.555555555555555,99.91869918699187,6.756756756756757,6.097560975609757
55,ace,LR,7,2,98.71794871794873,56.25,50.0,99.43089430894308,51.13636363636363,50.56179775280899
56,ace,SVM,8,1,98.5576923076923,50.0,5.555555555555555,99.91869918699187,6.756756756756757,6.097560975609757
57,ace,DT,8,1,96.39423076923077,15.384615384615385,33.33333333333333,97.3170731707317,27.027027027027028,29.850746268656714
58,ace,RF,8,1,98.4775641025641,0.0,0.0,99.91869918699187,0.0,0.0
59,ace,LR,8,1,98.5576923076923,50.0,27.77777777777778,99.59349593495935,30.48780487804878,29.069767441860467
60,ace,SVM,8,2,98.4775641025641,50.0,5.263157894736842,99.91863303498779,6.41025641025641,5.780346820809249
61,ace,DT,8,2,95.2724358974359,8.333333333333332,21.052631578947366,96.41985353946298,16.129032258064516,18.2648401826484
62,ace,RF,8,2,98.3173076923077,0.0,0.0,99.8372660699756,0.0,0.0
63,ace,LR,8,2,98.4775641025641,50.0,36.84210526315789,99.43043124491456,38.88888888888889,37.83783783783784
64,ace,SVM,9,1,98.5576923076923,50.0,22.22222222222222,99.67479674796748,25.0,23.52941176470588
65,ace,DT,9,1,95.83333333333334,11.363636363636363,27.77777777777778,96.82926829268293,21.551724137931036,24.271844660194173
66,ace,RF,9,1,98.5576923076923,50.0,5.555555555555555,99.91869918699187,6.756756756756757,6.097560975609757
67,ace,LR,9,1,98.3974358974359,42.857142857142854,33.33333333333333,99.34959349593497,34.883720930232556,34.09090909090909
68,ace,SVM,9,2,98.79807692307693,100.0,21.052631578947366,100.0,25.0,22.857142857142854
69,ace,DT,9,2,95.59294871794873,7.142857142857142,15.789473684210526,96.826688364524,12.711864406779661,14.084507042253518
70,ace,RF,9,2,98.3173076923077,0.0,0.0,99.8372660699756,0.0,0.0
71,ace,LR,9,2,98.63782051282051,57.14285714285714,42.10526315789473,99.51179820992677,44.444444444444436,43.24324324324324
72,ace,SVM,10,1,98.63782051282051,60.0,16.666666666666664,99.83739837398375,19.480519480519483,17.964071856287426
73,ace,DT,10,1,96.875,8.0,11.11111111111111,98.130081300813,10.309278350515465,10.695187165775401
74,ace,RF,10,1,98.5576923076923,50.0,5.555555555555555,99.91869918699187,6.756756756756757,6.097560975609757
75,ace,LR,10,1,98.4775641025641,47.05882352941176,44.44444444444444,99.26829268292683,44.94382022471911,44.692737430167604
76,ace,SVM,10,2,98.23717948717949,28.57142857142857,10.526315789473683,99.59316517493897,12.048192771084336,11.235955056179774
77,ace,DT,10,2,96.63461538461539,15.151515151515152,26.31578947368421,97.72172497965825,22.935779816513758,24.509803921568622
78,ace,RF,10,2,98.4775641025641,0.0,0.0,100.0,0.0,0.0
79,ace,LR,10,2,98.23717948717949,42.857142857142854,47.368421052631575,99.02359641985355,46.391752577319586,46.875
80,copd,SVM,1,1,92.15442092154422,74.64788732394366,54.08163265306123,97.44680851063829,57.2354211663067,55.61385099685205
81,copd,DT,1,1,84.18430884184309,38.759689922480625,51.02040816326531,88.79432624113474,47.98464491362765,49.455984174085074
82,copd,RF,1,1,91.40722291407222,64.35643564356435,66.3265306122449,94.8936170212766,65.92292089249493,66.12410986775178
83,copd,LR,1,1,92.9016189290162,71.57894736842105,69.38775510204081,96.17021276595744,69.81519507186859,69.60081883316273
84,copd,SVM,1,2,92.5280199252802,78.78787878787878,53.06122448979592,98.01418439716312,56.76855895196506,54.85232067510548
85,copd,DT,1,2,85.18057285180572,42.33576642335766,59.183673469387756,88.79432624113474,54.820415879017006,56.918547595682035
86,copd,RF,1,2,89.41469489414695,54.961832061068705,73.46938775510205,91.63120567375887,68.8336520076482,71.07601184600199
87,copd,LR,1,2,91.53175591531756,65.3061224489796,65.3061224489796,95.177304964539,65.3061224489796,65.3061224489796
88,copd,SVM,2,1,92.15442092154422,76.11940298507463,52.04081632653062,97.73049645390071,55.55555555555556,53.74077976817703
89,copd,DT,2,1,83.31257783312577,38.311688311688314,60.204081632653065,86.52482269503547,54.02930402930403,56.94980694980695
90,copd,RF,2,1,90.28642590286425,60.0,61.224489795918366,94.32624113475178,60.97560975609757,61.099796334012225
91,copd,LR,2,1,91.2826899128269,64.58333333333334,63.26530612244898,95.177304964539,63.524590163934434,63.394683026584886
92,copd,SVM,2,2,91.40722291407222,69.86301369863014,52.04081632653062,96.87943262411348,54.83870967741936,53.40314136125656
93,copd,DT,2,2,84.05977584059777,40.625,66.3265306122449,86.52482269503547,58.87681159420289,62.38003838771592
94,copd,RF,2,2,92.27895392278954,67.64705882352942,70.40816326530613,95.31914893617022,69.83805668016196,70.1219512195122
95,copd,LR,2,2,92.65255292652553,68.93203883495146,72.44897959183673,95.46099290780143,71.71717171717171,72.08121827411168
96,copd,SVM,3,1,92.5280199252802,74.35897435897436,59.183673469387756,97.16312056737588,61.702127659574465,60.41666666666667
97,copd,DT,3,1,85.80323785803238,43.54838709677419,55.10204081632652,90.0709219858156,52.32558139534882,53.677932405566594
98,copd,RF,3,1,89.91282689912828,57.52212389380531,66.3265306122449,93.19148936170212,64.35643564356435,65.32663316582914
99,copd,LR,3,1,92.27895392278954,66.07142857142857,75.51020408163265,94.60992907801419,73.41269841269839,74.44668008048289
100,copd,SVM,3,2,91.78082191780823,74.24242424242425,50.0,97.5886524822695,53.493449781659386,51.68776371308017
101,copd,DT,3,2,87.29763387297635,48.36065573770492,60.204081632653065,91.06382978723404,57.392996108949426,58.76494023904383
102,copd,RF,3,2,89.53922789539229,56.730769230769226,60.204081632653065,93.61702127659575,59.47580645161291,59.83772819472617
103,copd,LR,3,2,91.15815691158157,63.91752577319587,63.26530612244898,95.0354609929078,63.394683026584865,63.32992849846782
104,copd,SVM,4,1,92.5280199252802,72.09302325581395,63.26530612244898,96.59574468085106,64.85355648535565,64.04958677685951
105,copd,DT,4,1,84.80697384806973,41.891891891891895,63.26530612244898,87.80141843971631,57.40740740740742,60.19417475728156
106,copd,RF,4,1,89.91282689912828,57.798165137614674,64.28571428571429,93.47517730496455,62.87425149700599,63.57214934409687
107,copd,LR,4,1,91.53175591531756,62.71186440677966,75.51020408163265,93.75886524822695,72.54901960784314,74.00000000000001
108,copd,SVM,4,2,91.2826899128269,73.33333333333333,44.89795918367347,97.73049645390071,48.67256637168141,46.709129511677276
109,copd,DT,4,2,86.17683686176836,44.96124031007752,59.183673469387756,89.9290780141844,55.66218809980805,57.36894164193866
110,copd,RF,4,2,91.2826899128269,64.0,65.3061224489796,94.8936170212766,65.04065040650406,65.17311608961303
111,copd,LR,4,2,92.15442092154422,70.58823529411765,61.224489795918366,96.45390070921985,62.8930817610063,62.047569803516026
112,copd,SVM,5,1,91.53175591531756,72.05882352941177,50.0,97.30496453900709,53.2608695652174,51.578947368421055
113,copd,DT,5,1,85.92777085927771,43.90243902439025,55.10204081632652,90.2127659574468,52.427184466019426,53.73134328358209
114,copd,RF,5,1,91.53175591531756,65.0,66.3265306122449,95.0354609929078,66.05691056910568,66.19144602851323
115,copd,LR,5,1,90.41095890410958,60.0,64.28571428571429,94.04255319148936,63.38028169014086,63.82978723404257
116,copd,SVM,5,2,91.65628891656289,77.19298245614034,44.89795918367347,98.15602836879432,48.99777282850779,46.85835995740149
117,copd,DT,5,2,85.67870485678705,43.7037037037037,60.204081632653065,89.21985815602837,55.97722960151802,58.01376597836775
118,copd,RF,5,2,90.0373599003736,58.18181818181818,65.3061224489796,93.47517730496455,63.745019920318725,64.51612903225806
119,copd,LR,5,2,92.77708592777087,71.27659574468085,68.36734693877551,96.17021276595744,68.93004115226337,68.64754098360656
120,copd,SVM,6,1,92.02988792029888,76.5625,50.0,97.87234042553192,53.72807017543859,51.79704016913319
121,copd,DT,6,1,86.05230386052304,45.20547945205479,67.3469387755102,88.65248226950354,61.33828996282528,64.2023346303502
122,copd,RF,6,1,89.78829389788294,57.14285714285714,65.3061224489796,93.19148936170212,63.49206349206349,64.38631790744466
123,copd,LR,6,1,91.2826899128269,63.46153846153846,67.3469387755102,94.60992907801419,66.53225806451613,66.93711967545639
124,copd,SVM,6,2,91.90535491905355,76.19047619047619,48.97959183673469,97.87234042553192,52.74725274725275,50.79365079365079
125,copd,DT,6,2,86.17683686176836,45.18518518518518,62.244897959183675,89.50354609929077,57.87476280834913,59.9803343166175
126,copd,RF,6,2,90.66002490660024,61.165048543689316,64.28571428571429,94.32624113475178,63.63636363636365,63.95939086294417
127,copd,LR,6,2,91.53175591531756,65.95744680851064,63.26530612244898,95.46099290780143,63.78600823045267,63.524590163934434
128,copd,SVM,7,1,91.65628891656289,73.13432835820896,50.0,97.44680851063829,53.376906318082796,51.633298208640674
129,copd,DT,7,1,90.41095890410958,60.19417475728155,63.26530612244898,94.18439716312056,62.626262626262616,62.944162436548226
130,copd,RF,7,1,90.53549190535492,61.95652173913043,58.16326530612245,95.0354609929078,58.88429752066114,58.52156057494865
131,copd,LR,7,1,92.5280199252802,70.2127659574468,67.3469387755102,96.02836879432624,67.90123456790123,67.62295081967213
132,copd,SVM,7,2,91.2826899128269,68.91891891891892,52.04081632653062,96.73758865248226,54.72103004291845,53.34728033472803
133,copd,DT,7,2,86.42590286425903,46.043165467625904,65.3061224489796,89.36170212765957,60.263653483992464,62.68364348677766
134,copd,RF,7,2,91.2826899128269,63.20754716981132,68.36734693877551,94.46808510638299,67.26907630522088,67.81376518218623
135,copd,LR,7,2,91.03362391033623,62.03703703703704,68.36734693877551,94.18439716312056,67.0,67.67676767676767
136,copd,SVM,8,1,91.40722291407222,73.01587301587301,46.93877551020408,97.5886524822695,50.54945054945055,48.67724867724868
137,copd,DT,8,1,88.7920298879203,53.92156862745098,56.12244897959183,93.33333333333333,55.66801619433198,55.89430894308942
138,copd,RF,8,1,90.9090909090909,62.62626262626263,63.26530612244898,94.7517730496454,63.13645621181263,63.20081549439348
139,copd,LR,8,1,91.78082191780823,67.02127659574468,64.28571428571429,95.60283687943263,64.81481481481482,64.54918032786885
140,copd,SVM,8,2,91.53175591531756,71.42857142857143,51.02040816326531,97.16312056737588,54.11255411255412,52.52100840336135
141,copd,DT,8,2,80.57285180572852,35.204081632653065,70.40816326530613,81.98581560283688,58.673469387755084,64.00742115027829
142,copd,RF,8,2,89.53922789539229,55.64516129032258,70.40816326530613,92.19858156028369,66.86046511627907,68.58846918489067
143,copd,LR,8,2,91.15815691158157,62.16216216216216,70.40816326530613,94.04255319148936,68.58846918489066,69.48640483383686
144,copd,SVM,9,1,91.53175591531756,73.4375,47.95918367346938,97.5886524822695,51.53508771929825,49.682875264270606
145,copd,DT,9,1,85.80323785803238,44.73684210526316,69.38775510204081,88.08510638297872,62.5,65.76402321083172
146,copd,RF,9,1,89.91282689912828,57.391304347826086,67.3469387755102,93.04964539007092,65.08875739644971,66.1985957873621
147,copd,LR,9,1,92.9016189290162,69.52380952380952,74.48979591836735,95.46099290780143,73.44064386317908,73.9614994934144
148,copd,SVM,9,2,91.03362391033623,74.07407407407408,40.816326530612244,98.01418439716312,44.84304932735426,42.73504273504274
149,copd,DT,9,2,85.0560398505604,41.269841269841265,53.06122448979592,89.50354609929077,50.19305019305019,51.587301587301596
150,copd,RF,9,2,90.66002490660024,61.386138613861384,63.26530612244898,94.46808510638299,62.880324543610556,63.07222787385556
151,copd,LR,9,2,91.2826899128269,65.9090909090909,59.183673469387756,95.74468085106383,60.416666666666664,59.79381443298969
152,copd,SVM,10,1,93.27521793275217,78.2051282051282,62.244897959183675,97.5886524822695,64.8936170212766,63.541666666666664
153,copd,DT,10,1,86.42590286425903,45.378151260504204,55.10204081632652,90.78014184397163,52.83757338551859,53.94605394605394
154,copd,RF,10,1,90.16189290161893,58.26086956521739,68.36734693877551,93.19148936170212,66.0749506903353,67.20160481444333
155,copd,LR,10,1,92.27895392278954,68.0,69.38775510204081,95.46099290780143,69.10569105691057,69.24643584521385
156,copd,SVM,10,2,90.78455790784558,68.18181818181817,45.91836734693878,97.02127659574468,49.12663755458516,47.46835443037975
157,copd,DT,10,2,87.546699875467,49.24242424242424,66.3265306122449,90.49645390070921,62.02290076335877,64.1025641025641
158,copd,RF,10,2,89.91282689912828,58.252427184466015,61.224489795918366,93.90070921985816,60.606060606060595,60.91370558375634
159,copd,LR,10,2,91.65628891656289,65.0485436893204,68.36734693877551,94.8936170212766,67.67676767676768,68.02030456852792
160,ppi,SVM,1,1,95.63253012048193,42.10526315789473,30.76923076923077,98.27586206896551,32.52032520325203,31.620553359683797
161,ppi,DT,1,1,93.07228915662651,18.75,23.076923076923077,95.92476489028213,22.058823529411764,22.55639097744361
162,ppi,RF,1,1,95.63253012048193,38.46153846153847,19.230769230769234,98.7460815047022,21.36752136752137,20.24291497975709
163,ppi,LR,1,1,95.03012048192771,37.93103448275862,42.30769230769231,97.17868338557993,41.35338345864662,41.825095057034225
164,ppi,SVM,1,2,95.77677224736048,33.33333333333333,12.0,99.05956112852664,13.761467889908257,12.82051282051282
165,ppi,DT,1,2,88.38612368024133,9.375,24.0,90.9090909090909,18.29268292682927,20.761245674740483
166,ppi,RF,1,2,95.47511312217195,36.84210526315789,28.000000000000004,98.11912225705329,29.411764705882355,28.688524590163944
167,ppi,LR,1,2,95.1734539969834,26.666666666666668,16.0,98.27586206896551,17.391304347826086,16.666666666666664
168,ppi,SVM,2,1,95.48192771084338,40.0,30.76923076923077,98.11912225705329,32.25806451612903,31.496062992125985
169,ppi,DT,2,1,86.44578313253012,8.974358974358974,26.923076923076923,88.87147335423198,19.23076923076923,22.435897435897438
170,ppi,RF,2,1,95.18072289156626,35.0,26.923076923076923,97.96238244514106,28.225806451612907,27.559055118110237
171,ppi,LR,2,1,93.52409638554217,29.268292682926827,46.15384615384615,95.45454545454545,41.379310344827594,43.63636363636365
172,ppi,SVM,2,2,97.1342383107089,87.5,28.000000000000004,99.84326018808778,32.407407407407405,30.042918454935624
173,ppi,DT,2,2,93.81598793363499,26.47058823529412,36.0,96.08150470219435,33.582089552238806,34.74903474903475
174,ppi,RF,2,2,96.38009049773756,55.55555555555556,20.0,99.37304075235109,22.93577981651376,21.367521367521366
175,ppi,LR,2,2,95.92760180995475,45.0,36.0,98.27586206896551,37.49999999999999,36.73469387755102
176,ppi,SVM,3,1,94.87951807228916,25.0,15.384615384615385,98.11912225705329,16.666666666666668,16.0
177,ppi,DT,3,1,88.25301204819277,5.172413793103448,11.538461538461538,91.37931034482759,9.25925925925926,10.273972602739727
178,ppi,RF,3,1,95.33132530120481,36.84210526315789,26.923076923076923,98.11912225705329,28.455284552845526,27.66798418972332
179,ppi,LR,3,1,94.27710843373494,31.25,38.46153846153847,96.55172413793103,36.76470588235295,37.59398496240602
180,ppi,SVM,3,2,96.07843137254902,45.45454545454545,20.0,99.05956112852664,22.52252252252252,21.1864406779661
181,ppi,DT,3,2,92.76018099547511,20.51282051282051,32.0,95.141065830721,28.776978417266186,30.303030303030305
182,ppi,RF,3,2,96.07843137254902,42.857142857142854,12.0,99.37304075235109,14.018691588785048,12.931034482758621
183,ppi,LR,3,2,94.7209653092006,29.166666666666668,28.000000000000004,97.33542319749216,28.225806451612907,28.112449799196792
184,ppi,SVM,4,1,95.93373493975903,42.857142857142854,11.538461538461538,99.37304075235109,13.513513513513514,12.44813278008299
185,ppi,DT,4,1,86.14457831325302,9.75609756097561,30.76923076923077,88.40125391849529,21.50537634408602,25.31645569620253
186,ppi,RF,4,1,95.48192771084338,33.33333333333333,15.384615384615385,98.7460815047022,17.241379310344826,16.260162601626014
187,ppi,LR,4,1,96.08433734939759,50.0,30.76923076923077,98.7460815047022,33.333333333333336,32.0
188,ppi,SVM,4,2,95.32428355957768,31.25,20.0,98.27586206896551,21.551724137931036,20.746887966804977
189,ppi,DT,4,2,91.4027149321267,19.230769230769234,40.0,93.41692789968651,32.89473684210527,36.101083032490976
190,ppi,RF,4,2,96.38009049773756,54.54545454545454,24.0,99.21630094043887,27.027027027027025,25.423728813559322
191,ppi,LR,4,2,94.87179487179486,34.48275862068966,40.0,97.02194357366771,38.759689922480625,39.370078740157474
192,ppi,SVM,5,1,96.3855421686747,60.0,23.076923076923077,99.37304075235109,26.31578947368421,24.590163934426233
193,ppi,DT,5,1,92.62048192771084,15.151515151515152,19.230769230769234,95.61128526645768,18.248175182481752,18.726591760299623
194,ppi,RF,5,1,96.3855421686747,62.5,19.230769230769234,99.52978056426332,22.321428571428573,20.661157024793393
195,ppi,LR,5,1,95.18072289156626,37.5,34.61538461538461,97.64890282131663,35.15625,34.883720930232556
196,ppi,SVM,5,2,95.77677224736048,28.57142857142857,8.0,99.21630094043887,9.345794392523363,8.620689655172413
197,ppi,DT,5,2,89.14027149321268,14.925373134328357,40.0,91.06583072100314,29.94011976047904,34.24657534246576
198,ppi,RF,5,2,95.1734539969834,26.666666666666668,16.0,98.27586206896551,17.391304347826086,16.666666666666664
199,ppi,LR,5,2,95.1734539969834,33.33333333333333,28.000000000000004,97.80564263322884,28.925619834710748,28.455284552845526
200,ppi,SVM,6,1,96.08433734939759,50.0,15.384615384615385,99.37304075235109,17.85714285714286,16.528925619834713
201,ppi,DT,6,1,92.46987951807229,12.5,15.384615384615385,95.61128526645768,14.705882352941178,15.037593984962408
202,ppi,RF,6,1,96.08433734939759,50.0,19.230769230769234,99.21630094043887,21.929824561403507,20.491803278688526
203,ppi,LR,6,1,95.78313253012048,45.45454545454545,38.46153846153847,98.11912225705329,39.68253968253968,39.06249999999999
204,ppi,SVM,6,2,95.32428355957768,25.0,12.0,98.58934169278997,13.392857142857142,12.658227848101264
205,ppi,DT,6,2,90.19607843137256,16.666666666666664,40.0,92.16300940438872,31.25,35.08771929824561
206,ppi,RF,6,2,96.07843137254902,44.44444444444444,16.0,99.21630094043887,18.34862385321101,17.094017094017094
207,ppi,LR,6,2,93.96681749622925,25.806451612903224,32.0,96.3949843260188,30.53435114503817,31.250000000000007
208,ppi,SVM,7,1,96.08433734939759,50.0,19.230769230769234,99.21630094043887,21.929824561403507,20.491803278688526
209,ppi,DT,7,1,89.90963855421687,16.39344262295082,38.46153846153847,92.00626959247649,30.303030303030305,33.898305084745765
210,ppi,RF,7,1,96.23493975903614,55.55555555555556,19.230769230769234,99.37304075235109,22.12389380530973,20.576131687242796
211,ppi,LR,7,1,95.33132530120481,41.37931034482759,46.15384615384615,97.33542319749216,45.11278195488722,45.62737642585552
212,ppi,SVM,7,2,96.07843137254902,46.15384615384615,24.0,98.90282131661442,26.548672566371685,25.210084033613445
213,ppi,DT,7,2,92.76018099547511,15.151515151515152,20.0,95.61128526645768,18.796992481203006,19.37984496124031
214,ppi,RF,7,2,95.47511312217195,33.33333333333333,20.0,98.43260188087774,21.73913043478261,20.833333333333332
215,ppi,LR,7,2,95.92760180995475,45.45454545454545,40.0,98.11912225705329,40.983606557377044,40.48582995951416
216,ppi,SVM,8,1,95.33132530120481,33.33333333333333,19.230769230769234,98.43260188087774,21.008403361344538,20.08032128514056
217,ppi,DT,8,1,92.92168674698796,20.0,26.923076923076923,95.61128526645768,25.179856115107913,26.02230483271375
218,ppi,RF,8,1,95.33132530120481,33.33333333333333,19.230769230769234,98.43260188087774,21.008403361344538,20.08032128514056
219,ppi,LR,8,1,94.57831325301204,29.166666666666668,26.923076923076923,97.33542319749216,27.343750000000007,27.13178294573644
220,ppi,SVM,8,2,96.22926093514329,50.0,20.0,99.21630094043887,22.727272727272727,21.27659574468085
221,ppi,DT,8,2,88.68778280542986,5.357142857142857,12.0,91.69278996865204,9.615384615384615,10.676156583629894
222,ppi,RF,8,2,96.53092006033182,62.5,20.0,99.52978056426332,23.148148148148145,21.45922746781116
223,ppi,LR,8,2,95.92760180995475,45.0,36.0,98.27586206896551,37.49999999999999,36.73469387755102
224,ppi,SVM,9,1,96.3855421686747,66.66666666666666,15.384615384615385,99.68652037617555,18.181818181818183,16.666666666666664
225,ppi,DT,9,1,88.25301204819277,5.172413793103448,11.538461538461538,91.37931034482759,9.25925925925926,10.273972602739727
226,ppi,RF,9,1,96.08433734939759,50.0,3.8461538461538463,99.84326018808778,4.716981132075472,4.237288135593221
227,ppi,LR,9,1,96.08433734939759,50.0,23.076923076923077,99.05956112852664,25.862068965517242,24.39024390243903
228,ppi,SVM,9,2,95.32428355957768,25.0,12.0,98.58934169278997,13.392857142857142,12.658227848101264
229,ppi,DT,9,2,89.74358974358975,10.909090909090908,24.0,92.31974921630093,19.35483870967742,21.428571428571427
230,ppi,RF,9,2,95.62594268476622,35.714285714285715,20.0,98.58934169278997,21.929824561403514,20.92050209205021
231,ppi,LR,9,2,94.11764705882352,26.666666666666668,32.0,96.55172413793103,30.769230769230766,31.372549019607842
232,ppi,SVM,10,1,95.93373493975903,46.15384615384615,23.076923076923077,98.90282131661442,25.641025641025646,24.291497975708502
233,ppi,DT,10,1,90.8132530120482,20.33898305084746,46.15384615384615,92.6332288401254,36.809815950920246,40.955631399317404
234,ppi,RF,10,1,96.08433734939759,50.0,26.923076923076923,98.90282131661442,29.66101694915254,28.2258064516129
235,ppi,LR,10,1,95.03012048192771,37.93103448275862,42.30769230769231,97.17868338557993,41.35338345864662,41.825095057034225
236,ppi,SVM,10,2,96.38009049773756,57.14285714285714,16.0,99.52978056426332,18.691588785046726,17.241379310344826
237,ppi,DT,10,2,87.78280542986425,10.0,28.000000000000004,90.12539184952978,20.58823529411765,23.72881355932203
238,ppi,RF,10,2,96.53092006033182,58.333333333333336,28.000000000000004,99.21630094043887,31.25000000000001,29.53586497890296
239,ppi,LR,10,2,95.77677224736048,42.10526315789473,32.0,98.27586206896551,33.61344537815126,32.786885245901644
240,alhammad,SVM,1,1,98.3173076923077,25.0,5.263157894736842,99.75589910496339,6.25,5.7142857142857135
241,alhammad,DT,1,1,95.83333333333334,9.75609756097561,21.052631578947366,96.9894222945484,17.09401709401709,18.867924528301884
242,alhammad,RF,1,1,98.4775641025641,50.0,5.263157894736842,99.91863303498779,6.41025641025641,5.780346820809249
243,alhammad,LR,1,1,98.4775641025641,50.0,31.57894736842105,99.51179820992677,34.090909090909086,32.78688524590164
244,alhammad,SVM,1,2,98.3173076923077,0.0,0.0,99.7560975609756,0.0,0.0
245,alhammad,DT,1,2,96.55448717948718,17.94871794871795,38.88888888888889,97.39837398373984,31.53153153153153,34.82587064676617
246,alhammad,RF,1,2,98.5576923076923,0.0,0.0,100.0,0.0,0.0
247,alhammad,LR,1,2,98.4775641025641,47.05882352941176,44.44444444444444,99.26829268292683,44.94382022471911,44.692737430167604
248,alhammad,SVM,2,1,98.23717948717949,38.46153846153847,26.31578947368421,99.34906427990235,28.08988764044944,27.173913043478258
249,alhammad,DT,2,1,94.55128205128204,3.7735849056603774,10.526315789473683,95.85028478437754,7.751937984496124,8.928571428571427
250,alhammad,RF,2,1,98.3974358974359,0.0,0.0,99.91863303498779,0.0,0.0
251,alhammad,LR,2,1,97.91666666666666,31.57894736842105,31.57894736842105,98.94222945484134,31.57894736842105,31.57894736842105
252,alhammad,SVM,2,2,98.71794871794873,75.0,16.666666666666664,99.91869918699187,19.736842105263158,18.072289156626507
253,alhammad,DT,2,2,95.4326923076923,8.51063829787234,22.22222222222222,96.50406504065042,16.80672268907563,19.138755980861244
254,alhammad,RF,2,2,98.63782051282051,100.0,5.555555555555555,100.0,6.849315068493151,6.134969325153375
255,alhammad,LR,2,2,98.87820512820514,64.28571428571429,50.0,99.59349593495935,52.32558139534884,51.13636363636363
256,alhammad,SVM,3,1,98.71794871794873,80.0,21.052631578947366,99.91863303498779,24.691358024691358,22.727272727272727
257,alhammad,DT,3,1,96.15384615384616,6.0606060606060606,10.526315789473683,97.47762408462164,9.174311926605503,9.803921568627452
258,alhammad,RF,3,1,98.3974358974359,0.0,0.0,99.91863303498779,0.0,0.0
259,alhammad,LR,3,1,98.23717948717949,36.36363636363637,21.052631578947366,99.43043124491456,22.988505747126435,21.978021978021975
260,alhammad,SVM,3,2,98.71794871794873,60.0,33.33333333333333,99.67479674796748,36.58536585365854,34.88372093023256
261,alhammad,DT,3,2,95.75320512820514,14.285714285714285,38.88888888888889,96.58536585365853,28.92561983471074,33.175355450236964
262,alhammad,RF,3,2,98.4775641025641,33.33333333333333,5.555555555555555,99.83739837398375,6.666666666666665,6.06060606060606
263,alhammad,LR,3,2,97.83653846153845,30.434782608695656,38.88888888888889,98.69918699186991,36.8421052631579,37.83783783783784
264,alhammad,SVM,4,1,98.79807692307693,100.0,16.666666666666664,100.0,19.999999999999996,18.181818181818183
265,alhammad,DT,4,1,96.39423076923077,11.428571428571429,22.22222222222222,97.47967479674797,18.69158878504673,20.304568527918782
266,alhammad,RF,4,1,98.5576923076923,0.0,0.0,100.0,0.0,0.0
267,alhammad,LR,4,1,98.4775641025641,46.666666666666664,38.88888888888889,99.34959349593497,40.229885057471265,39.548022598870055
268,alhammad,SVM,4,2,98.3974358974359,42.857142857142854,15.789473684210526,99.67453213995118,18.072289156626507,16.853932584269664
269,alhammad,DT,4,2,96.07371794871796,10.526315789473683,21.052631578947366,97.23352318958503,17.543859649122805,19.13875598086124
270,alhammad,RF,4,2,98.5576923076923,100.0,5.263157894736842,100.0,6.493506493506494,5.813953488372093
271,alhammad,LR,4,2,98.23717948717949,42.10526315789473,42.10526315789473,99.10496338486574,42.10526315789473,42.10526315789473
272,alhammad,SVM,5,1,98.63782051282051,66.66666666666666,21.052631578947366,99.8372660699756,24.390243902439018,22.598870056497173
273,alhammad,DT,5,1,96.63461538461539,15.151515151515152,26.31578947368421,97.72172497965825,22.935779816513758,24.509803921568622
274,alhammad,RF,5,1,98.4775641025641,50.0,5.263157894736842,99.91863303498779,6.41025641025641,5.780346820809249
275,alhammad,LR,5,1,98.3974358974359,47.05882352941176,42.10526315789473,99.26769731489016,43.01075268817204,42.553191489361694
276,alhammad,SVM,5,2,98.3173076923077,36.36363636363637,22.22222222222222,99.43089430894308,24.096385542168672,23.12138728323699
277,alhammad,DT,5,2,95.99358974358975,11.904761904761903,27.77777777777778,96.9918699186992,21.92982456140351,24.509803921568626
278,alhammad,RF,5,2,98.5576923076923,0.0,0.0,100.0,0.0,0.0
279,alhammad,LR,5,2,97.91666666666666,31.818181818181817,38.88888888888889,98.78048780487805,37.234042553191486,38.04347826086956
280,alhammad,SVM,6,1,98.5576923076923,100.0,5.263157894736842,100.0,6.493506493506494,5.813953488372093
281,alhammad,DT,6,1,95.91346153846155,11.904761904761903,26.31578947368421,96.9894222945484,21.1864406779661,23.474178403755868
282,alhammad,RF,6,1,98.4775641025641,0.0,0.0,100.0,0.0,0.0
283,alhammad,LR,6,1,98.71794871794873,66.66666666666666,31.57894736842105,99.75589910496339,35.29411764705882,33.33333333333333
284,alhammad,SVM,6,2,98.5576923076923,50.0,16.666666666666664,99.7560975609756,19.23076923076923,17.857142857142854
285,alhammad,DT,6,2,96.9551282051282,14.285714285714285,22.22222222222222,98.04878048780488,19.999999999999996,21.052631578947363
286,alhammad,RF,6,2,98.5576923076923,50.0,5.555555555555555,99.91869918699187,6.756756756756757,6.097560975609757
287,alhammad,LR,6,2,98.3173076923077,41.17647058823529,38.88888888888889,99.1869918699187,39.325842696629216,39.10614525139665
288,alhammad,SVM,7,1,98.5576923076923,50.0,27.77777777777778,99.59349593495935,30.48780487804878,29.069767441860467
289,alhammad,DT,7,1,96.875,13.793103448275861,22.22222222222222,97.96747967479675,19.801980198019802,20.94240837696335
290,alhammad,RF,7,1,98.5576923076923,0.0,0.0,100.0,0.0,0.0
291,alhammad,LR,7,1,97.91666666666666,30.0,33.33333333333333,98.86178861788618,32.608695652173914,32.967032967032964
292,alhammad,SVM,7,2,98.71794871794873,71.42857142857143,26.31578947368421,99.8372660699756,30.120481927710845,28.089887640449433
293,alhammad,DT,7,2,96.31410256410257,9.090909090909092,15.789473684210526,97.55899104963385,13.761467889908257,14.705882352941178
294,alhammad,RF,7,2,98.4775641025641,0.0,0.0,100.0,0.0,0.0
295,alhammad,LR,7,2,98.5576923076923,53.84615384615385,36.84210526315789,99.51179820992677,39.32584269662921,38.04347826086956
296,alhammad,SVM,8,1,98.4775641025641,50.0,10.526315789473683,99.8372660699756,12.5,11.428571428571427
297,alhammad,DT,8,1,97.27564102564102,20.0,26.31578947368421,98.3726606997559,24.752475247524753,25.510204081632647
298,alhammad,RF,8,1,98.5576923076923,100.0,5.263157894736842,100.0,6.493506493506494,5.813953488372093
299,alhammad,LR,8,1,98.3974358974359,46.15384615384615,31.57894736842105,99.43043124491456,33.70786516853933,32.60869565217391
300,alhammad,SVM,8,2,98.5576923076923,50.0,16.666666666666664,99.7560975609756,19.23076923076923,17.857142857142854
301,alhammad,DT,8,2,96.47435897435898,6.666666666666667,11.11111111111111,97.72357723577237,9.803921568627452,10.416666666666668
302,alhammad,RF,8,2,98.63782051282051,100.0,5.555555555555555,100.0,6.849315068493151,6.134969325153375
303,alhammad,LR,8,2,97.91666666666666,25.0,22.22222222222222,99.02439024390245,22.727272727272727,22.47191011235955
304,alhammad,SVM,9,1,98.5576923076923,57.14285714285714,21.052631578947366,99.75589910496339,24.096385542168672,22.47191011235955
305,alhammad,DT,9,1,95.4326923076923,8.695652173913043,21.052631578947366,96.5825874694874,16.39344262295082,18.433179723502306
306,alhammad,RF,9,1,98.4775641025641,0.0,0.0,100.0,0.0,0.0
307,alhammad,LR,9,1,98.3974358974359,46.666666666666664,36.84210526315789,99.34906427990235,38.46153846153847,37.634408602150536
308,alhammad,SVM,9,2,98.71794871794873,66.66666666666666,22.22222222222222,99.83739837398375,25.64102564102564,23.809523809523807
309,alhammad,DT,9,2,95.1923076923077,2.272727272727273,5.555555555555555,96.50406504065042,4.310344827586206,4.854368932038835
310,alhammad,RF,9,2,98.4775641025641,0.0,0.0,99.91869918699187,0.0,0.0
311,alhammad,LR,9,2,98.3974358974359,45.0,50.0,99.10569105691057,48.913043478260875,49.45054945054945
312,alhammad,SVM,10,1,98.71794871794873,75.0,16.666666666666664,99.91869918699187,19.736842105263158,18.072289156626507
313,alhammad,DT,10,1,97.27564102564102,21.428571428571427,33.33333333333333,98.21138211382113,30.0,31.57894736842105
314,alhammad,RF,10,1,98.3974358974359,25.0,5.555555555555555,99.7560975609756,6.578947368421052,6.024096385542169
315,alhammad,LR,10,1,98.4775641025641,47.82608695652174,61.111111111111114,99.02439024390245,57.89473684210527,59.45945945945946
316,alhammad,SVM,10,2,98.23717948717949,33.33333333333333,15.789473684210526,99.51179820992677,17.64705882352941,16.666666666666664
317,alhammad,DT,10,2,95.67307692307693,12.76595744680851,31.57894736842105,96.66395443449959,24.39024390243902,27.522935779816514
318,alhammad,RF,10,2,98.3974358974359,0.0,0.0,99.91863303498779,0.0,0.0
319,alhammad,LR,10,2,97.99679487179486,35.0,36.84210526315789,98.94222945484134,36.458333333333336,36.64921465968587
320,ghasemi,SVM,1,1,91.03362391033623,67.10526315789474,52.04081632653062,96.45390070921985,54.487179487179496,53.235908141962426
321,ghasemi,DT,1,1,86.55043586550435,45.96774193548387,58.16326530612245,90.49645390070921,55.23255813953488,56.66003976143141
322,ghasemi,RF,1,1,89.04109589041096,54.03225806451613,68.36734693877551,91.91489361702128,64.92248062015503,66.6003976143141
323,ghasemi,LR,1,1,91.90535491905355,65.13761467889908,72.44897959183673,94.60992907801419,70.85828343313374,71.64480322906157
324,ghasemi,SVM,1,2,92.02988792029888,76.5625,50.0,97.87234042553192,53.72807017543859,51.79704016913319
325,ghasemi,DT,1,2,85.92777085927771,44.3609022556391,60.204081632653065,89.50354609929077,56.19047619047619,58.128078817734
326,ghasemi,RF,1,2,91.65628891656289,65.65656565656566,66.3265306122449,95.177304964539,66.19144602851324,66.25891946992864
327,ghasemi,LR,1,2,92.65255292652553,70.52631578947368,68.36734693877551,96.02836879432624,68.78850102669404,68.57727737973387
328,ghasemi,SVM,2,1,91.65628891656289,76.27118644067797,45.91836734693878,98.01418439716312,49.889135254988915,47.821466524973424
329,ghasemi,DT,2,1,84.80697384806973,41.42857142857143,59.183673469387756,88.36879432624114,54.511278195488735,56.75146771037183
330,ghasemi,RF,2,1,91.40722291407222,63.30275229357798,70.40816326530613,94.32624113475178,68.8622754491018,69.62663975782037
331,ghasemi,LR,2,1,93.02615193026152,71.875,70.40816326530613,96.17021276595744,70.69672131147541,70.5521472392638
332,ghasemi,SVM,2,2,91.90535491905355,73.91304347826086,52.04081632653062,97.44680851063829,55.31453362255965,53.62776025236593
333,ghasemi,DT,2,2,85.42963885429639,43.262411347517734,62.244897959183675,88.65248226950354,57.223264540337716,59.628543499511245
334,ghasemi,RF,2,2,90.66002490660024,60.952380952380956,65.3061224489796,94.18439716312056,64.38631790744466,64.84295845997974
335,ghasemi,LR,2,2,91.40722291407222,63.55140186915887,69.38775510204081,94.46808510638299,68.13627254509018,68.75631951466127
336,ghasemi,SVM,3,1,91.78082191780823,73.52941176470588,51.02040816326531,97.44680851063829,54.34782608695653,52.63157894736842
337,ghasemi,DT,3,1,88.54296388542964,52.41935483870967,66.3265306122449,91.63120567375887,62.98449612403101,64.61232604373757
338,ghasemi,RF,3,1,91.53175591531756,64.70588235294117,67.3469387755102,94.8936170212766,66.80161943319837,67.07317073170731
339,ghasemi,LR,3,1,92.02988792029888,67.3469387755102,67.3469387755102,95.46099290780143,67.3469387755102,67.3469387755102
340,ghasemi,SVM,3,2,91.40722291407222,70.4225352112676,51.02040816326531,97.02127659574468,53.99568034557236,52.46589716684156
341,ghasemi,DT,3,2,87.17310087173101,47.863247863247864,57.14285714285714,91.34751773049645,55.009823182711195,56.05605605605606
342,ghasemi,RF,3,2,88.29389788293898,51.66666666666667,63.26530612244898,91.77304964539007,60.546875,61.876247504990026
343,ghasemi,LR,3,2,91.03362391033623,62.264150943396224,67.3469387755102,94.32624113475178,66.26506024096386,66.80161943319838
344,ghasemi,SVM,4,1,91.40722291407222,73.01587301587301,46.93877551020408,97.5886524822695,50.54945054945055,48.67724867724868
345,ghasemi,DT,4,1,87.04856787048568,47.32142857142857,54.08163265306123,91.63120567375887,52.57936507936508,53.31991951710262
346,ghasemi,RF,4,1,89.78829389788294,58.88888888888889,54.08163265306123,94.7517730496454,54.9792531120332,54.52674897119343
347,ghasemi,LR,4,1,91.40722291407222,65.59139784946237,62.244897959183675,95.46099290780143,62.88659793814433,62.564102564102576
348,ghasemi,SVM,4,2,91.78082191780823,74.24242424242425,50.0,97.5886524822695,53.493449781659386,51.68776371308017
349,ghasemi,DT,4,2,85.80323785803238,43.93939393939394,59.183673469387756,89.50354609929077,55.34351145038169,57.19921104536488
350,ghasemi,RF,4,2,91.65628891656289,64.48598130841121,70.40816326530613,94.60992907801419,69.13827655310621,69.76744186046511
351,ghasemi,LR,4,2,92.65255292652553,70.10309278350515,69.38775510204081,95.88652482269504,69.52965235173826,69.45863125638408
352,ghasemi,SVM,5,1,92.02988792029888,79.3103448275862,46.93877551020408,98.29787234042553,51.11111111111112,48.93617021276596
353,ghasemi,DT,5,1,87.67123287671232,49.549549549549546,56.12244897959183,92.05673758865248,54.67196819085487,55.3877139979859
354,ghasemi,RF,5,1,90.53549190535492,61.224489795918366,61.224489795918366,94.60992907801419,61.224489795918366,61.224489795918366
355,ghasemi,LR,5,1,92.15442092154422,67.32673267326733,69.38775510204081,95.31914893617022,68.96551724137932,69.17599186164801
356,ghasemi,SVM,5,2,91.90535491905355,72.0,55.10204081632652,97.02127659574468,57.81584582441113,56.42633228840125
357,ghasemi,DT,5,2,82.44084682440847,34.96503496503497,51.02040816326531,86.80851063829788,46.728971962616825,48.78048780487806
358,ghasemi,RF,5,2,89.91282689912828,58.252427184466015,61.224489795918366,93.90070921985816,60.606060606060595,60.91370558375634
359,ghasemi,LR,5,2,92.5280199252802,69.0,70.40816326530613,95.60283687943263,70.1219512195122,70.26476578411406
360,ghasemi,SVM,6,1,92.77708592777087,81.25,53.06122448979592,98.29787234042553,57.01754385964912,54.96828752642706
361,ghasemi,DT,6,1,84.80697384806973,41.66666666666667,61.224489795918366,88.08510638297872,55.97014925373135,58.4795321637427
362,ghasemi,RF,6,1,90.41095890410958,60.824742268041234,60.204081632653065,94.60992907801419,60.32719836400818,60.26557711950971
363,ghasemi,LR,6,1,92.65255292652553,70.52631578947368,68.36734693877551,96.02836879432624,68.78850102669404,68.57727737973387
364,ghasemi,SVM,6,2,91.65628891656289,72.46376811594203,51.02040816326531,97.30496453900709,54.229934924078094,52.57623554153523
365,ghasemi,DT,6,2,86.6749688667497,46.28099173553719,57.14285714285714,90.78014184397163,54.58089668615985,55.83250249252243
366,ghasemi,RF,6,2,90.53549190535492,59.01639344262295,73.46938775510205,92.90780141843972,70.03891050583657,71.71314741035856
367,ghasemi,LR,6,2,92.77708592777087,69.23076923076923,73.46938775510205,95.46099290780143,72.58064516129033,73.02231237322516
368,ghasemi,SVM,7,1,92.15442092154422,69.66292134831461,63.26530612244898,96.17021276595744,64.44906444906445,63.85169927909371
369,ghasemi,DT,7,1,83.8107098381071,39.87341772151899,64.28571428571429,86.52482269503547,57.27272727272727,60.57692307692308
370,ghasemi,RF,7,1,89.91282689912828,57.65765765765766,65.3061224489796,93.33333333333333,63.618290258449306,64.45115810674722
371,ghasemi,LR,7,1,91.40722291407222,62.60869565217392,73.46938775510205,93.90070921985816,71.00591715976333,72.21664994984955
372,ghasemi,SVM,7,2,91.78082191780823,84.78260869565217,39.795918367346935,99.00709219858156,44.52054794520547,42.025862068965516
373,ghasemi,DT,7,2,84.30884184308842,39.39393939393939,53.06122448979592,88.65248226950354,49.61832061068702,51.28205128205129
374,ghasemi,RF,7,2,90.9090909090909,63.1578947368421,61.224489795918366,95.0354609929078,61.601642710472284,61.412487205731836
375,ghasemi,LR,7,2,92.77708592777087,72.72727272727273,65.3061224489796,96.59574468085106,66.66666666666667,65.97938144329896
376,ghasemi,SVM,8,1,91.78082191780823,75.0,48.97959183673469,97.73049645390071,52.63157894736842,50.73995771670191
377,ghasemi,DT,8,1,82.93897882938978,35.55555555555556,48.97959183673469,87.65957446808511,45.540796963946875,47.1976401179941
378,ghasemi,RF,8,1,89.1656288916563,54.86725663716814,63.26530612244898,92.76595744680851,61.3861386138614,62.311557788944725
379,ghasemi,LR,8,1,91.03362391033623,62.745098039215684,65.3061224489796,94.60992907801419,64.77732793522266,65.04065040650406
380,ghasemi,SVM,8,2,92.5280199252802,72.61904761904762,62.244897959183675,96.73758865248226,64.07563025210085,63.14699792960663
381,ghasemi,DT,8,2,83.8107098381071,37.878787878787875,51.02040816326531,88.36879432624114,47.70992366412214,49.30966469428008
382,ghasemi,RF,8,2,90.9090909090909,60.50420168067227,73.46938775510205,93.33333333333333,70.45009784735812,71.92807192807193
383,ghasemi,LR,8,2,92.15442092154422,66.35514018691589,72.44897959183673,94.8936170212766,71.14228456913827,71.7896865520728
384,ghasemi,SVM,9,1,92.02988792029888,76.5625,50.0,97.87234042553192,53.72807017543859,51.79704016913319
385,ghasemi,DT,9,1,89.91282689912828,57.14285714285714,69.38775510204081,92.76595744680851,66.53620352250489,67.93206793206792
386,ghasemi,RF,9,1,90.53549190535492,59.64912280701754,69.38775510204081,93.47517730496455,67.19367588932806,68.27309236947791
387,ghasemi,LR,9,1,92.5280199252802,70.65217391304348,66.3265306122449,96.17021276595744,67.14876033057851,66.73511293634496
388,ghasemi,SVM,9,2,91.78082191780823,72.22222222222221,53.06122448979592,97.16312056737588,56.0344827586207,54.507337526205454
389,ghasemi,DT,9,2,86.17683686176836,45.25547445255474,63.26530612244898,89.36170212765957,58.60113421550095,60.84396467124633
390,ghasemi,RF,9,2,90.16189290161893,58.55855855855856,66.3265306122449,93.47517730496455,64.61232604373755,65.45820745216515
391,ghasemi,LR,9,2,91.90535491905355,66.33663366336634,68.36734693877551,95.177304964539,67.95131845841786,68.1586978636826
392,ghasemi,SVM,10,1,92.15442092154422,73.97260273972603,55.10204081632652,97.30496453900709,58.06451612903225,56.544502617801044
393,ghasemi,DT,10,1,85.80323785803238,43.93939393939394,59.183673469387756,89.50354609929077,55.34351145038169,57.19921104536488
394,ghasemi,RF,10,1,90.16189290161893,59.4059405940594,61.224489795918366,94.18439716312056,60.85192697768763,61.03763987792473
395,ghasemi,LR,10,1,91.78082191780823,66.0,67.3469387755102,95.177304964539,67.07317073170732,67.20977596741345
396,ghasemi,SVM,10,2,91.53175591531756,75.0,45.91836734693878,97.87234042553192,49.7787610619469,47.77070063694267
397,ghasemi,DT,10,2,86.3013698630137,45.588235294117645,63.26530612244898,89.50354609929077,58.71212121212122,60.90373280943025
398,ghasemi,RF,10,2,90.0373599003736,58.03571428571429,66.3265306122449,93.33333333333333,64.48412698412699,65.3923541247485
399,ghasemi,LR,10,2,91.90535491905355,67.0103092783505,66.3265306122449,95.46099290780143,66.46216768916156,66.39427987742593
400,goulao,SVM,1,1,95.48192771084338,33.33333333333333,15.384615384615385,98.7460815047022,17.241379310344826,16.260162601626014
401,goulao,DT,1,1,87.04819277108435,9.45945945945946,26.923076923076923,89.49843260188088,19.662921348314608,22.72727272727273
402,goulao,RF,1,1,95.33132530120481,30.76923076923077,15.384615384615385,98.58934169278997,17.094017094017094,16.19433198380567
403,goulao,LR,1,1,94.87951807228916,31.818181818181817,26.923076923076923,97.64890282131663,27.77777777777778,27.343749999999993
404,goulao,SVM,1,2,95.1734539969834,29.411764705882355,20.0,98.11912225705329,21.36752136752137,20.66115702479339
405,goulao,DT,1,2,89.74358974358975,14.754098360655737,36.0,91.84952978056427,27.95031055900621,31.46853146853147
406,goulao,RF,1,2,96.22926093514329,50.0,20.0,99.21630094043887,22.727272727272727,21.27659574468085
407,goulao,LR,1,2,94.87179487179486,35.483870967741936,44.0,96.86520376175548,41.98473282442748,42.96875000000001
408,goulao,SVM,2,1,95.63253012048193,28.57142857142857,7.6923076923076925,99.21630094043887,9.00900900900901,8.29875518672199
409,goulao,DT,2,1,90.51204819277109,12.244897959183673,23.076923076923077,93.2601880877743,19.607843137254903,21.20141342756184
410,goulao,RF,2,1,96.23493975903614,54.54545454545454,23.076923076923077,99.21630094043887,26.08695652173913,24.489795918367353
411,goulao,LR,2,1,95.18072289156626,37.5,34.61538461538461,97.64890282131663,35.15625,34.883720930232556
412,goulao,SVM,2,2,96.07843137254902,45.45454545454545,20.0,99.05956112852664,22.52252252252252,21.1864406779661
413,goulao,DT,2,2,89.89441930618402,11.11111111111111,24.0,92.47648902821317,19.480519480519483,21.50537634408602
414,goulao,RF,2,2,95.62594268476622,40.0,32.0,98.11912225705329,33.33333333333333,32.6530612244898
415,goulao,LR,2,2,95.1734539969834,37.93103448275862,44.0,97.17868338557993,42.63565891472869,43.30708661417323
416,goulao,SVM,3,1,95.93373493975903,44.44444444444444,15.384615384615385,99.21630094043887,17.69911504424779,16.46090534979424
417,goulao,DT,3,1,90.8132530120482,16.9811320754717,34.61538461538461,93.10344827586206,28.662420382165603,31.3588850174216
418,goulao,RF,3,1,95.78313253012048,40.0,15.384615384615385,99.05956112852664,17.54385964912281,16.393442622950822
419,goulao,LR,3,1,95.03012048192771,37.03703703703704,38.46153846153847,97.33542319749216,38.16793893129771,38.31417624521073
420,goulao,SVM,3,2,96.07843137254902,44.44444444444444,16.0,99.21630094043887,18.34862385321101,17.094017094017094
421,goulao,DT,3,2,86.87782805429865,10.256410256410255,32.0,89.0282131661442,22.471910112359552,26.402640264026406
422,goulao,RF,3,2,96.22926093514329,50.0,36.0,98.58934169278997,38.13559322033898,37.03703703703703
423,goulao,LR,3,2,96.22926093514329,50.0,36.0,98.58934169278997,38.13559322033898,37.03703703703703
424,goulao,SVM,4,1,95.63253012048193,28.57142857142857,7.6923076923076925,99.21630094043887,9.00900900900901,8.29875518672199
425,goulao,DT,4,1,91.56626506024097,14.285714285714285,23.076923076923077,94.35736677115987,20.54794520547945,21.73913043478261
426,goulao,RF,4,1,96.23493975903614,57.14285714285714,15.384615384615385,99.52978056426332,18.01801801801802,16.59751037344398
427,goulao,LR,4,1,94.87951807228916,30.0,23.076923076923077,97.80564263322884,24.193548387096772,23.62204724409449
428,goulao,SVM,4,2,95.92760180995475,43.75,28.000000000000004,98.58934169278997,30.17241379310345,29.045643153526974
429,goulao,DT,4,2,93.36349924585218,21.21212121212121,28.000000000000004,95.92476489028213,26.315789473684216,27.131782945736433
430,goulao,RF,4,2,96.38009049773756,52.94117647058824,36.0,98.7460815047022,38.46153846153846,37.1900826446281
431,goulao,LR,4,2,95.1734539969834,37.93103448275862,44.0,97.17868338557993,42.63565891472869,43.30708661417323
432,goulao,SVM,5,1,96.6867469879518,70.0,26.923076923076923,99.52978056426332,30.701754385964914,28.688524590163933
433,goulao,DT,5,1,90.06024096385542,12.962962962962962,26.923076923076923,92.6332288401254,22.151898734177212,24.305555555555557
434,goulao,RF,5,1,95.63253012048193,36.36363636363637,15.384615384615385,98.90282131661442,17.39130434782609,16.3265306122449
435,goulao,LR,5,1,95.33132530120481,38.095238095238095,30.76923076923077,97.96238244514106,32.0,31.372549019607842
436,goulao,SVM,5,2,96.07843137254902,44.44444444444444,16.0,99.21630094043887,18.34862385321101,17.094017094017094
437,goulao,DT,5,2,86.1236802413273,9.63855421686747,32.0,88.24451410658307,21.857923497267763,25.974025974025977
438,goulao,RF,5,2,96.22926093514329,50.0,32.0,98.7460815047022,34.48275862068966,33.19502074688796
439,goulao,LR,5,2,95.02262443438913,36.666666666666664,44.0,97.02194357366771,42.30769230769231,43.13725490196079
440,goulao,SVM,6,1,96.08433734939759,50.0,11.538461538461538,99.52978056426332,13.636363636363638,12.500000000000004
441,goulao,DT,6,1,90.8132530120482,12.76595744680851,23.076923076923077,93.57366771159874,19.867549668874172,21.352313167259787
442,goulao,RF,6,1,96.23493975903614,54.54545454545454,23.076923076923077,99.21630094043887,26.08695652173913,24.489795918367353
443,goulao,LR,6,1,95.18072289156626,38.46153846153847,38.46153846153847,97.4921630094044,38.46153846153847,38.46153846153847
444,goulao,SVM,6,2,95.92760180995475,40.0,16.0,99.05956112852664,18.181818181818183,17.02127659574468
445,goulao,DT,6,2,90.79939668174963,14.000000000000002,28.000000000000004,93.2601880877743,23.333333333333336,25.454545454545457
446,goulao,RF,6,2,96.53092006033182,60.0,24.0,99.37304075235109,27.272727272727277,25.53191489361702
447,goulao,LR,6,2,95.1734539969834,33.33333333333333,28.000000000000004,97.80564263322884,28.925619834710748,28.455284552845526
448,goulao,SVM,7,1,95.63253012048193,36.36363636363637,15.384615384615385,98.90282131661442,17.39130434782609,16.3265306122449
449,goulao,DT,7,1,93.37349397590361,25.0,34.61538461538461,95.7680250783699,32.14285714285714,33.33333333333333
450,goulao,RF,7,1,95.48192771084338,40.0,30.76923076923077,98.11912225705329,32.25806451612903,31.496062992125985
451,goulao,LR,7,1,94.57831325301204,29.166666666666668,26.923076923076923,97.33542319749216,27.343750000000007,27.13178294573644
452,goulao,SVM,7,2,95.92760180995475,37.5,12.0,99.21630094043887,13.888888888888888,12.875536480686694
453,goulao,DT,7,2,91.8552036199095,17.77777777777778,32.0,94.20062695924764,27.586206896551722,29.629629629629626
454,goulao,RF,7,2,95.92760180995475,41.66666666666667,20.0,98.90282131661442,22.321428571428577,21.097046413502113
455,goulao,LR,7,2,95.32428355957768,36.36363636363637,32.0,97.80564263322884,32.786885245901644,32.38866396761134
456,goulao,SVM,8,1,95.33132530120481,30.76923076923077,15.384615384615385,98.58934169278997,17.094017094017094,16.19433198380567
457,goulao,DT,8,1,88.85542168674698,11.29032258064516,26.923076923076923,91.37931034482759,21.08433734939759,23.64864864864865
458,goulao,RF,8,1,95.93373493975903,45.45454545454545,19.230769230769234,99.05956112852664,21.73913043478261,20.40816326530612
459,goulao,LR,8,1,94.7289156626506,32.0,30.76923076923077,97.33542319749216,31.007751937984494,30.888030888030894
460,goulao,SVM,8,2,95.77677224736048,20.0,4.0,99.37304075235109,4.761904761904762,4.3478260869565215
461,goulao,DT,8,2,91.25188536953243,14.893617021276595,28.000000000000004,93.73040752351098,23.80952380952381,25.73529411764706
462,goulao,RF,8,2,96.22926093514329,50.0,36.0,98.58934169278997,38.13559322033898,37.03703703703703
463,goulao,LR,8,2,94.7209653092006,27.27272727272727,24.0,97.4921630094044,24.590163934426226,24.2914979757085
464,goulao,SVM,9,1,96.23493975903614,60.0,11.538461538461538,99.68652037617555,13.761467889908257,12.552301255230129
465,goulao,DT,9,1,92.01807228915662,9.090909090909092,11.538461538461538,95.29780564263322,10.948905109489052,11.235955056179776
466,goulao,RF,9,1,95.93373493975903,40.0,7.6923076923076925,99.52978056426332,9.174311926605505,8.368200836820083
467,goulao,LR,9,1,95.48192771084338,35.714285714285715,19.230769230769234,98.58934169278997,21.186440677966107,20.161290322580648
468,goulao,SVM,9,2,95.77677224736048,41.17647058823529,28.000000000000004,98.43260188087774,29.914529914529915,28.925619834710748
469,goulao,DT,9,2,86.42533936651584,7.792207792207792,24.0,88.87147335423198,16.949152542372882,19.867549668874172
470,goulao,RF,9,2,95.92760180995475,41.66666666666667,20.0,98.90282131661442,22.321428571428577,21.097046413502113
471,goulao,LR,9,2,94.26847662141779,30.303030303030305,40.0,96.3949843260188,37.59398496240601,38.75968992248062
472,goulao,SVM,10,1,95.48192771084338,30.0,11.538461538461538,98.90282131661442,13.157894736842104,12.295081967213116
473,goulao,DT,10,1,86.8975903614458,9.333333333333334,26.923076923076923,89.34169278996865,19.553072625698324,22.653721682847898
474,goulao,RF,10,1,96.23493975903614,53.333333333333336,30.76923076923077,98.90282131661442,33.613445378151255,32.1285140562249
475,goulao,LR,10,1,95.33132530120481,38.095238095238095,30.76923076923077,97.96238244514106,32.0,31.372549019607842
476,goulao,SVM,10,2,95.92760180995475,40.0,16.0,99.05956112852664,18.181818181818183,17.02127659574468
477,goulao,DT,10,2,93.96681749622925,20.0,20.0,96.86520376175548,20.0,20.0
478,goulao,RF,10,2,96.53092006033182,57.14285714285714,32.0,99.05956112852664,35.08771929824561,33.47280334728033
479,goulao,LR,10,2,95.02262443438913,34.61538461538461,36.0,97.33542319749216,35.71428571428572,35.85657370517929
480,guinea,SVM,1,1,98.3173076923077,25.0,5.263157894736842,99.75589910496339,6.25,5.7142857142857135
481,guinea,DT,1,1,97.43589743589743,6.666666666666667,5.263157894736842,98.86086248982913,5.4945054945054945,5.376344086021505
482,guinea,RF,1,1,98.3974358974359,0.0,0.0,99.91863303498779,0.0,0.0
483,guinea,LR,1,1,98.15705128205127,37.5,31.57894736842105,99.18633034987795,32.60869565217391,32.085561497326196
484,guinea,SVM,1,2,98.23717948717949,0.0,0.0,99.67479674796748,0.0,0.0
485,guinea,DT,1,2,94.79166666666666,13.846153846153847,50.0,95.44715447154472,32.846715328467155,39.647577092511014
486,guinea,RF,1,2,98.5576923076923,50.0,5.555555555555555,99.91869918699187,6.756756756756757,6.097560975609757
487,guinea,LR,1,2,97.99679487179486,34.78260869565217,44.44444444444444,98.78048780487805,42.10526315789474,43.24324324324324
488,guinea,SVM,2,1,98.63782051282051,66.66666666666666,21.052631578947366,99.8372660699756,24.390243902439018,22.598870056497173
489,guinea,DT,2,1,95.91346153846155,7.894736842105263,15.789473684210526,97.15215622457282,13.157894736842104,14.35406698564593
490,guinea,RF,2,1,98.23717948717949,0.0,0.0,99.75589910496339,0.0,0.0
491,guinea,LR,2,1,98.63782051282051,57.14285714285714,42.10526315789473,99.51179820992677,44.444444444444436,43.24324324324324
492,guinea,SVM,2,2,98.71794871794873,66.66666666666666,22.22222222222222,99.83739837398375,25.64102564102564,23.809523809523807
493,guinea,DT,2,2,97.03525641025641,8.695652173913043,11.11111111111111,98.29268292682927,10.526315789473685,10.81081081081081
494,guinea,RF,2,2,98.63782051282051,100.0,5.555555555555555,100.0,6.849315068493151,6.134969325153375
495,guinea,LR,2,2,98.5576923076923,50.0,44.44444444444444,99.34959349593497,45.45454545454545,44.9438202247191
496,guinea,SVM,3,1,98.23717948717949,30.0,16.666666666666664,99.43089430894308,18.29268292682927,17.44186046511628
497,guinea,DT,3,1,96.39423076923077,9.090909090909092,16.666666666666664,97.5609756097561,14.285714285714288,15.384615384615385
498,guinea,RF,3,1,98.63782051282051,66.66666666666666,11.11111111111111,99.91869918699187,13.33333333333333,12.12121212121212
499,guinea,LR,3,1,97.83653846153845,26.31578947368421,27.77777777777778,98.86178861788618,27.47252747252747,27.624309392265197
500,guinea,SVM,3,2,98.5576923076923,60.0,15.789473684210526,99.8372660699756,18.51851851851852,17.045454545454547
501,guinea,DT,3,2,96.23397435897436,8.823529411764707,15.789473684210526,97.47762408462164,13.636363636363635,14.634146341463413
502,guinea,RF,3,2,98.5576923076923,100.0,5.263157894736842,100.0,6.493506493506494,5.813953488372093
503,guinea,LR,3,2,98.71794871794873,61.53846153846154,42.10526315789473,99.59316517493897,44.9438202247191,43.47826086956522
504,guinea,SVM,4,1,98.15705128205127,14.285714285714285,5.555555555555555,99.51219512195122,6.329113924050632,5.917159763313609
505,guinea,DT,4,1,96.47435897435898,15.789473684210526,33.33333333333333,97.39837398373984,27.272727272727277,30.0
506,guinea,RF,4,1,98.63782051282051,100.0,5.555555555555555,100.0,6.849315068493151,6.134969325153375
507,guinea,LR,4,1,97.67628205128204,28.000000000000004,38.88888888888889,98.53658536585365,36.08247422680413,37.4331550802139
508,guinea,SVM,4,2,98.5576923076923,66.66666666666666,10.526315789473683,99.91863303498779,12.658227848101264,11.494252873563216
509,guinea,DT,4,2,95.3525641025641,10.204081632653061,26.31578947368421,96.41985353946298,20.0,22.727272727272727
510,guinea,RF,4,2,98.4775641025641,0.0,0.0,100.0,0.0,0.0
511,guinea,LR,4,2,98.5576923076923,57.14285714285714,21.052631578947366,99.75589910496339,24.096385542168672,22.47191011235955
512,guinea,SVM,5,1,98.63782051282051,60.0,16.666666666666664,99.83739837398375,19.480519480519483,17.964071856287426
513,guinea,DT,5,1,97.27564102564102,19.230769230769234,27.77777777777778,98.29268292682927,25.510204081632654,26.595744680851062
514,guinea,RF,5,1,98.63782051282051,100.0,5.555555555555555,100.0,6.849315068493151,6.134969325153375
515,guinea,LR,5,1,98.3173076923077,41.17647058823529,38.88888888888889,99.1869918699187,39.325842696629216,39.10614525139665
516,guinea,SVM,5,2,98.5576923076923,57.14285714285714,21.052631578947366,99.75589910496339,24.096385542168672,22.47191011235955
517,guinea,DT,5,2,96.15384615384616,12.82051282051282,26.31578947368421,97.23352318958503,21.73913043478261,23.80952380952381
518,guinea,RF,5,2,98.4775641025641,0.0,0.0,100.0,0.0,0.0
519,guinea,LR,5,2,98.63782051282051,55.55555555555556,52.63157894736842,99.34906427990235,53.191489361702125,52.910052910052904
520,guinea,SVM,6,1,98.79807692307693,80.0,22.22222222222222,99.91869918699187,25.97402597402597,23.95209580838323
521,guinea,DT,6,1,94.71153846153845,7.142857142857142,22.22222222222222,95.77235772357724,15.624999999999996,18.348623853211006
522,guinea,RF,6,1,98.5576923076923,0.0,0.0,100.0,0.0,0.0
523,guinea,LR,6,1,98.5576923076923,50.0,33.33333333333333,99.51219512195122,35.71428571428571,34.48275862068965
524,guinea,SVM,6,2,98.63782051282051,66.66666666666666,21.052631578947366,99.8372660699756,24.390243902439018,22.598870056497173
525,guinea,DT,6,2,95.4326923076923,6.8181818181818175,15.789473684210526,96.66395443449959,12.5,13.953488372093023
526,guinea,RF,6,2,98.3974358974359,0.0,0.0,99.91863303498779,0.0,0.0
527,guinea,LR,6,2,98.63782051282051,58.333333333333336,36.84210526315789,99.59316517493897,39.77272727272727,38.251366120218584
528,guinea,SVM,7,1,98.63782051282051,60.0,16.666666666666664,99.83739837398375,19.480519480519483,17.964071856287426
529,guinea,DT,7,1,96.9551282051282,18.75,33.33333333333333,97.88617886178862,28.84615384615385,30.92783505154639
530,guinea,RF,7,1,98.4775641025641,0.0,0.0,99.91869918699187,0.0,0.0
531,guinea,LR,7,1,98.79807692307693,63.63636363636363,38.88888888888889,99.67479674796748,42.16867469879518,40.46242774566473
532,guinea,SVM,7,2,98.63782051282051,75.0,15.789473684210526,99.91863303498779,18.749999999999996,17.14285714285714
533,guinea,DT,7,2,95.03205128205127,4.25531914893617,10.526315789473683,96.33848657445078,8.130081300813007,9.174311926605505
534,guinea,RF,7,2,98.4775641025641,0.0,0.0,100.0,0.0,0.0
535,guinea,LR,7,2,98.71794871794873,61.53846153846154,42.10526315789473,99.59316517493897,44.9438202247191,43.47826086956522
536,guinea,SVM,8,1,98.63782051282051,60.0,16.666666666666664,99.83739837398375,19.480519480519483,17.964071856287426
537,guinea,DT,8,1,96.7948717948718,21.052631578947366,44.44444444444444,97.5609756097561,36.36363636363637,40.0
538,guinea,RF,8,1,98.4775641025641,33.33333333333333,5.555555555555555,99.83739837398375,6.666666666666665,6.06060606060606
539,guinea,LR,8,1,98.23717948717949,35.714285714285715,27.77777777777778,99.26829268292683,29.069767441860467,28.40909090909091
540,guinea,SVM,8,2,98.5576923076923,57.14285714285714,21.052631578947366,99.75589910496339,24.096385542168672,22.47191011235955
541,guinea,DT,8,2,96.39423076923077,13.88888888888889,26.31578947368421,97.47762408462164,22.32142857142857,24.154589371980677
542,guinea,RF,8,2,98.4775641025641,0.0,0.0,100.0,0.0,0.0
543,guinea,LR,8,2,98.15705128205127,38.88888888888889,36.84210526315789,99.10496338486574,37.23404255319148,37.03703703703704
544,guinea,SVM,9,1,98.63782051282051,66.66666666666666,11.11111111111111,99.91869918699187,13.33333333333333,12.12121212121212
545,guinea,DT,9,1,96.71474358974359,15.151515151515152,27.77777777777778,97.72357723577237,23.80952380952381,25.641025641025646
546,guinea,RF,9,1,98.4775641025641,0.0,0.0,99.91869918699187,0.0,0.0
547,guinea,LR,9,1,98.4775641025641,46.15384615384615,33.33333333333333,99.43089430894308,35.29411764705882,34.285714285714285
548,guinea,SVM,9,2,98.4775641025641,50.0,5.263157894736842,99.91863303498779,6.41025641025641,5.780346820809249
549,guinea,DT,9,2,97.11538461538461,9.523809523809524,10.526315789473683,98.4540276647681,10.309278350515463,10.416666666666668
550,guinea,RF,9,2,98.4775641025641,0.0,0.0,100.0,0.0,0.0
551,guinea,LR,9,2,98.4775641025641,50.0,36.84210526315789,99.43043124491456,38.88888888888889,37.83783783783784
552,guinea,SVM,10,1,98.79807692307693,71.42857142857143,27.77777777777778,99.83739837398375,31.645569620253166,29.585798816568047
553,guinea,DT,10,1,97.43589743589743,11.11111111111111,11.11111111111111,98.69918699186991,11.11111111111111,11.11111111111111
554,guinea,RF,10,1,98.5576923076923,0.0,0.0,100.0,0.0,0.0
555,guinea,LR,10,1,98.23717948717949,38.88888888888889,38.88888888888889,99.10569105691057,38.88888888888889,38.88888888888889
556,guinea,SVM,10,2,98.5576923076923,57.14285714285714,21.052631578947366,99.75589910496339,24.096385542168672,22.47191011235955
557,guinea,DT,10,2,96.31410256410257,13.513513513513514,26.31578947368421,97.39625711960944,22.123893805309734,24.03846153846154
558,guinea,RF,10,2,98.4775641025641,0.0,0.0,100.0,0.0,0.0
559,guinea,LR,10,2,98.23717948717949,42.10526315789473,42.10526315789473,99.10496338486574,42.10526315789473,42.10526315789473
560,santos,SVM,1,1,91.53175591531756,72.05882352941177,50.0,97.30496453900709,53.2608695652174,51.578947368421055
561,santos,DT,1,1,86.42590286425903,45.73643410852713,60.204081632653065,90.0709219858156,56.62188099808062,58.35806132542037
562,santos,RF,1,1,90.16189290161893,59.04761904761905,63.26530612244898,93.90070921985816,62.37424547283703,62.81661600810538
563,santos,LR,1,1,91.53175591531756,65.0,66.3265306122449,95.0354609929078,66.05691056910568,66.19144602851323
564,santos,SVM,1,2,92.15442092154422,80.7017543859649,46.93877551020408,98.43971631205673,51.22494432071271,48.988285410010654
565,santos,DT,1,2,87.29763387297635,48.41269841269841,62.244897959183675,90.78014184397163,58.88030888030889,60.51587301587303
566,santos,RF,1,2,89.53922789539229,56.730769230769226,60.204081632653065,93.61702127659575,59.47580645161291,59.83772819472617
567,santos,LR,1,2,92.9016189290162,74.11764705882354,64.28571428571429,96.87943262411348,66.03773584905662,65.14994829369184
568,santos,SVM,2,1,91.53175591531756,73.4375,47.95918367346938,97.5886524822695,51.53508771929825,49.682875264270606
569,santos,DT,2,1,87.17310087173101,47.61904761904761,51.02040816326531,92.19858156028369,50.30181086519114,50.65856129685916
570,santos,RF,2,1,90.53549190535492,62.22222222222222,57.14285714285714,95.177304964539,58.09128630705395,57.61316872427984
571,santos,LR,2,1,91.65628891656289,65.97938144329896,65.3061224489796,95.31914893617022,65.43967280163598,65.37282941777323
572,santos,SVM,2,2,92.65255292652553,76.71232876712328,57.14285714285714,97.5886524822695,60.215053763440864,58.63874345549739
573,santos,DT,2,2,84.30884184308842,40.909090909090914,64.28571428571429,87.09219858156028,57.692307692307686,60.810810810810814
574,santos,RF,2,2,90.53549190535492,59.48275862068966,70.40816326530613,93.33333333333333,67.91338582677167,69.13827655310621
575,santos,LR,2,2,91.78082191780823,64.54545454545455,72.44897959183673,94.46808510638299,70.7171314741036,71.5725806451613
576,santos,SVM,3,1,90.9090909090909,68.65671641791045,46.93877551020408,97.02127659574468,50.10893246187364,48.472075869336145
577,santos,DT,3,1,85.42963885429639,42.14876033057851,52.04081632653062,90.0709219858156,49.707602339181285,50.847457627118644
578,santos,RF,3,1,90.16189290161893,60.0,58.16326530612245,94.60992907801419,58.52156057494866,58.341862845445235
579,santos,LR,3,1,89.78829389788294,57.54716981132076,62.244897959183675,93.61702127659575,61.24497991967871,61.74089068825911
580,santos,SVM,3,2,90.53549190535492,67.74193548387096,42.857142857142854,97.16312056737588,46.25550660792951,44.4915254237288
581,santos,DT,3,2,83.31257783312577,38.0,58.16326530612245,86.80851063829788,52.58302583025829,55.23255813953487
582,santos,RF,3,2,91.40722291407222,63.30275229357798,70.40816326530613,94.32624113475178,68.8622754491018,69.62663975782037
583,santos,LR,3,2,91.90535491905355,66.33663366336634,68.36734693877551,95.177304964539,67.95131845841786,68.1586978636826
584,santos,SVM,4,1,91.78082191780823,72.85714285714285,52.04081632653062,97.30496453900709,55.1948051948052,53.571428571428584
585,santos,DT,4,1,87.92029887920299,50.38167938931297,67.3469387755102,90.78014184397163,63.097514340344155,65.15301085883513
586,santos,RF,4,1,89.78829389788294,57.01754385964912,66.3265306122449,93.04964539007092,64.2292490118577,65.26104417670682
587,santos,LR,4,1,92.9016189290162,70.29702970297029,72.44897959183673,95.74468085106383,72.00811359026369,72.22787385554425
588,santos,SVM,4,2,91.78082191780823,70.51282051282051,56.12244897959183,96.73758865248226,58.51063829787234,57.291666666666664
589,santos,DT,4,2,84.18430884184309,40.136054421768705,60.204081632653065,87.51773049645391,54.730983302411886,57.33722060252673
590,santos,RF,4,2,88.91656288916563,54.12844036697248,60.204081632653065,92.90780141843972,58.88223552894212,59.53582240161454
591,santos,LR,4,2,91.65628891656289,65.65656565656566,66.3265306122449,95.177304964539,66.19144602851324,66.25891946992864
592,santos,SVM,5,1,91.2826899128269,69.44444444444444,51.02040816326531,96.87943262411348,53.879310344827594,52.410901467505234
593,santos,DT,5,1,89.04109589041096,54.807692307692314,58.16326530612245,93.33333333333333,57.45967741935484,57.809330628803245
594,santos,RF,5,1,90.28642590286425,60.416666666666664,59.183673469387756,94.60992907801419,59.42622950819671,59.304703476482615
595,santos,LR,5,1,91.2826899128269,64.28571428571429,64.28571428571429,95.0354609929078,64.28571428571428,64.28571428571428
596,santos,SVM,5,2,91.40722291407222,70.4225352112676,51.02040816326531,97.02127659574468,53.99568034557236,52.46589716684156
597,santos,DT,5,2,83.68617683686178,39.35483870967742,62.244897959183675,86.66666666666667,55.758683729433265,58.82352941176472
598,santos,RF,5,2,90.16189290161893,58.119658119658126,69.38775510204081,93.04964539007092,66.79764243614932,68.06806806806807
599,santos,LR,5,2,92.27895392278954,66.98113207547169,72.44897959183673,95.0354609929078,71.28514056224901,71.86234817813767
600,santos,SVM,6,1,91.15815691158157,75.47169811320755,40.816326530612244,98.15602836879432,44.9438202247191,42.780748663101605
601,santos,DT,6,1,85.92777085927771,44.18604651162791,58.16326530612245,89.7872340425532,54.7024952015355,56.379821958456965
602,santos,RF,6,1,90.53549190535492,60.57692307692307,64.28571428571429,94.18439716312056,63.508064516129046,63.89452332657201
603,santos,LR,6,1,91.2826899128269,64.58333333333334,63.26530612244898,95.177304964539,63.524590163934434,63.394683026584886
604,santos,SVM,6,2,91.78082191780823,74.24242424242425,50.0,97.5886524822695,53.493449781659386,51.68776371308017
605,santos,DT,6,2,85.67870485678705,42.47787610619469,48.97959183673469,90.78014184397163,47.52475247524752,48.24120603015076
606,santos,RF,6,2,90.78455790784558,60.909090909090914,68.36734693877551,93.90070921985816,66.73306772908367,67.54032258064517
607,santos,LR,6,2,91.65628891656289,65.0485436893204,68.36734693877551,94.8936170212766,67.67676767676768,68.02030456852792
608,santos,SVM,7,1,91.03362391033623,77.08333333333334,37.755102040816325,98.43971631205673,42.04545454545455,39.784946236559136
609,santos,DT,7,1,84.05977584059777,38.095238095238095,48.97959183673469,88.93617021276596,46.33204633204633,47.61904761904761
610,santos,RF,7,1,90.0373599003736,58.82352941176471,61.224489795918366,94.04255319148936,60.72874493927126,60.97560975609756
611,santos,LR,7,1,91.2826899128269,64.58333333333334,63.26530612244898,95.177304964539,63.524590163934434,63.394683026584886
612,santos,SVM,7,2,91.2826899128269,70.58823529411765,48.97959183673469,97.16312056737588,52.17391304347826,50.526315789473685
613,santos,DT,7,2,85.18057285180572,41.98473282442748,56.12244897959183,89.21985815602837,52.58126195028681,54.29417571569595
614,santos,RF,7,2,91.65628891656289,64.76190476190476,69.38775510204081,94.7517730496454,68.41046277665995,68.89564336372845
615,santos,LR,7,2,92.02988792029888,66.66666666666666,69.38775510204081,95.177304964539,68.82591093117409,69.10569105691057
616,santos,SVM,8,1,92.9016189290162,81.53846153846153,54.08163265306123,98.29787234042553,57.98687089715535,55.966209081309394
617,santos,DT,8,1,85.55417185554171,43.28358208955223,59.183673469387756,89.21985815602837,55.13307984790874,57.086614173228334
618,santos,RF,8,1,88.54296388542964,52.88461538461539,56.12244897959183,93.04964539007092,55.443548387096776,55.78093306288031
619,santos,LR,8,1,91.40722291407222,62.83185840707964,72.44897959183673,94.04255319148936,70.2970297029703,71.35678391959799
620,santos,SVM,8,2,91.90535491905355,73.23943661971832,53.06122448979592,97.30496453900709,56.15550755939525,54.56453305351522
621,santos,DT,8,2,86.6749688667497,46.56488549618321,62.244897959183675,90.0709219858156,58.317399617590816,60.21717670286279
622,santos,RF,8,2,91.03362391033623,62.03703703703704,68.36734693877551,94.18439716312056,67.0,67.67676767676767
623,santos,LR,8,2,92.27895392278954,69.56521739130434,65.3061224489796,96.02836879432624,66.11570247933885,65.70841889117044
624,santos,SVM,9,1,91.65628891656289,69.62025316455697,56.12244897959183,96.59574468085106,58.3864118895966,57.23204994797085
625,santos,DT,9,1,86.05230386052304,45.07042253521127,65.3061224489796,88.93617021276596,59.92509363295879,62.5
626,santos,RF,9,1,90.53549190535492,59.48275862068966,70.40816326530613,93.33333333333333,67.91338582677167,69.13827655310621
627,santos,LR,9,1,91.03362391033623,61.81818181818181,69.38775510204081,94.04255319148936,67.72908366533865,68.5483870967742
628,santos,SVM,9,2,92.15442092154422,76.11940298507463,52.04081632653062,97.73049645390071,55.55555555555556,53.74077976817703
629,santos,DT,9,2,85.42963885429639,42.857142857142854,58.16326530612245,89.21985815602837,54.285714285714285,56.15763546798029
630,santos,RF,9,2,89.66376089663761,57.73195876288659,57.14285714285714,94.18439716312056,57.259713701431494,57.201225740551585
631,santos,LR,9,2,92.77708592777087,71.73913043478261,67.3469387755102,96.31205673758865,68.18181818181817,67.7618069815195
632,santos,SVM,10,1,91.65628891656289,68.67469879518072,58.16326530612245,96.31205673758865,60.0,59.067357512953365
633,santos,DT,10,1,86.3013698630137,44.827586206896555,53.06122448979592,90.92198581560284,51.18110236220471,52.104208416833664
634,santos,RF,10,1,90.53549190535492,60.18518518518518,66.3265306122449,93.90070921985816,64.99999999999999,65.65656565656565
635,santos,LR,10,1,91.78082191780823,64.28571428571429,73.46938775510205,94.32624113475178,71.42857142857143,72.43460764587525
636,santos,SVM,10,2,91.65628891656289,78.18181818181819,43.87755102040816,98.29787234042553,48.098434004474264,45.89114194236926
637,santos,DT,10,2,83.43711083437111,37.03703703703704,51.02040816326531,87.94326241134752,47.438330170777995,49.164208456243855
638,santos,RF,10,2,90.66002490660024,60.17699115044248,69.38775510204081,93.61702127659575,67.32673267326733,68.34170854271356
639,santos,LR,10,2,93.15068493150685,71.71717171717171,72.44897959183673,96.02836879432624,72.30142566191445,72.37512742099898
640,shahin,SVM,1,1,95.93373493975903,42.857142857142854,11.538461538461538,99.37304075235109,13.513513513513514,12.44813278008299
641,shahin,DT,1,1,92.62048192771084,10.344827586206897,11.538461538461538,95.92476489028213,11.278195488721805,11.40684410646388
642,shahin,RF,1,1,96.3855421686747,60.0,23.076923076923077,99.37304075235109,26.31578947368421,24.590163934426233
643,shahin,LR,1,1,95.18072289156626,36.36363636363637,30.76923076923077,97.80564263322884,31.74603174603175,31.25
644,shahin,SVM,1,2,95.92760180995475,41.66666666666667,20.0,98.90282131661442,22.321428571428577,21.097046413502113
645,shahin,DT,1,2,89.29110105580695,14.0625,36.0,91.37931034482759,27.439024390243897,31.141868512110726
646,shahin,RF,1,2,95.92760180995475,42.857142857142854,24.0,98.7460815047022,26.31578947368421,25.10460251046025
647,shahin,LR,1,2,95.02262443438913,33.33333333333333,32.0,97.4921630094044,32.25806451612903,32.1285140562249
648,shahin,SVM,2,1,96.3855421686747,60.0,23.076923076923077,99.37304075235109,26.31578947368421,24.590163934426233
649,shahin,DT,2,1,85.99397590361446,12.359550561797752,42.30769230769231,87.7742946708464,28.497409326424872,34.05572755417957
650,shahin,RF,2,1,96.53614457831326,61.53846153846154,30.76923076923077,99.21630094043887,34.18803418803419,32.38866396761134
651,shahin,LR,2,1,95.78313253012048,46.15384615384615,46.15384615384615,97.80564263322884,46.15384615384615,46.15384615384615
652,shahin,SVM,2,2,95.62594268476622,37.5,24.0,98.43260188087774,25.86206896551724,24.89626556016597
653,shahin,DT,2,2,88.68778280542986,15.277777777777779,44.0,90.43887147335423,31.976744186046513,37.03703703703704
654,shahin,RF,2,2,95.92760180995475,40.0,16.0,99.05956112852664,18.181818181818183,17.02127659574468
655,shahin,LR,2,2,94.57013574660633,28.000000000000004,28.000000000000004,97.17868338557993,28.000000000000004,27.999999999999996
656,shahin,SVM,3,1,95.63253012048193,38.46153846153847,19.230769230769234,98.7460815047022,21.36752136752137,20.24291497975709
657,shahin,DT,3,1,90.21084337349397,18.0327868852459,42.30769230769231,92.16300940438872,33.33333333333333,37.28813559322033
658,shahin,RF,3,1,95.48192771084338,37.5,23.076923076923077,98.43260188087774,25.0,24.0
659,shahin,LR,3,1,95.03012048192771,38.70967741935484,46.15384615384615,97.02194357366771,44.44444444444445,45.28301886792453
660,shahin,SVM,3,2,95.92760180995475,33.33333333333333,8.0,99.37304075235109,9.433962264150942,8.658008658008658
661,shahin,DT,3,2,92.15686274509804,11.428571428571429,16.0,95.141065830721,14.814814814814817,15.384615384615389
662,shahin,RF,3,2,96.07843137254902,44.44444444444444,16.0,99.21630094043887,18.34862385321101,17.094017094017094
663,shahin,LR,3,2,94.26847662141779,19.047619047619047,16.0,97.33542319749216,16.52892561983471,16.260162601626014
664,shahin,SVM,4,1,96.08433734939759,50.0,19.230769230769234,99.21630094043887,21.929824561403507,20.491803278688526
665,shahin,DT,4,1,89.00602409638554,13.846153846153847,34.61538461538461,91.22257053291536,26.62721893491124,30.10033444816053
666,shahin,RF,4,1,95.78313253012048,40.0,15.384615384615385,99.05956112852664,17.54385964912281,16.393442622950822
667,shahin,LR,4,1,94.87951807228916,34.61538461538461,34.61538461538461,97.33542319749216,34.61538461538461,34.61538461538461
668,shahin,SVM,4,2,95.77677224736048,38.46153846153847,20.0,98.7460815047022,22.123893805309734,21.008403361344538
669,shahin,DT,4,2,92.91101055806938,19.444444444444446,28.000000000000004,95.45454545454545,25.735294117647058,26.81992337164751
670,shahin,RF,4,2,95.1734539969834,26.666666666666668,16.0,98.27586206896551,17.391304347826086,16.666666666666664
671,shahin,LR,4,2,95.1734539969834,37.03703703703704,40.0,97.33542319749216,39.37007874015748,39.682539682539684
672,shahin,SVM,5,1,95.93373493975903,45.45454545454545,19.230769230769234,99.05956112852664,21.73913043478261,20.40816326530612
673,shahin,DT,5,1,90.8132530120482,15.686274509803921,30.76923076923077,93.2601880877743,25.806451612903224,28.070175438596497
674,shahin,RF,5,1,95.78313253012048,41.66666666666667,19.230769230769234,98.90282131661442,21.55172413793104,20.325203252032523
675,shahin,LR,5,1,95.33132530120481,39.130434782608695,34.61538461538461,97.80564263322884,35.43307086614173,35.019455252918284
676,shahin,SVM,5,2,96.07843137254902,45.45454545454545,20.0,99.05956112852664,22.52252252252252,21.1864406779661
677,shahin,DT,5,2,88.5369532428356,13.043478260869565,36.0,90.59561128526646,26.627218934911244,30.61224489795919
678,shahin,RF,5,2,95.77677224736048,28.57142857142857,8.0,99.21630094043887,9.345794392523363,8.620689655172413
679,shahin,LR,5,2,95.47511312217195,41.37931034482759,48.0,97.33542319749216,46.51162790697674,47.24409448818898
680,shahin,SVM,6,1,96.53614457831326,66.66666666666666,23.076923076923077,99.52978056426332,26.54867256637168,24.691358024691358
681,shahin,DT,6,1,92.7710843373494,17.647058823529413,23.076923076923077,95.61128526645768,21.73913043478261,22.388059701492537
682,shahin,RF,6,1,96.23493975903614,54.54545454545454,23.076923076923077,99.21630094043887,26.08695652173913,24.489795918367353
683,shahin,LR,6,1,95.18072289156626,36.36363636363637,30.76923076923077,97.80564263322884,31.74603174603175,31.25
684,shahin,SVM,6,2,95.1734539969834,29.411764705882355,20.0,98.11912225705329,21.36752136752137,20.66115702479339
685,shahin,DT,6,2,90.64856711915536,15.09433962264151,32.0,92.94670846394985,26.143790849673206,28.776978417266186
686,shahin,RF,6,2,95.62594268476622,37.5,24.0,98.43260188087774,25.86206896551724,24.89626556016597
687,shahin,LR,6,2,93.51432880844645,23.52941176470588,32.0,95.92476489028213,29.850746268656714,30.888030888030887
688,shahin,SVM,7,1,96.23493975903614,57.14285714285714,15.384615384615385,99.52978056426332,18.01801801801802,16.59751037344398
689,shahin,DT,7,1,92.31927710843374,16.216216216216218,23.076923076923077,95.141065830721,21.276595744680847,22.14022140221402
690,shahin,RF,7,1,96.53614457831326,61.53846153846154,30.76923076923077,99.21630094043887,34.18803418803419,32.38866396761134
691,shahin,LR,7,1,95.18072289156626,35.0,26.923076923076923,97.96238244514106,28.225806451612907,27.559055118110237
692,shahin,SVM,7,2,95.32428355957768,33.33333333333333,24.0,98.11912225705329,25.423728813559322,24.691358024691354
693,shahin,DT,7,2,91.8552036199095,12.82051282051282,20.0,94.67084639498434,17.98561151079137,18.939393939393938
694,shahin,RF,7,2,95.92760180995475,43.75,28.000000000000004,98.58934169278997,30.17241379310345,29.045643153526974
695,shahin,LR,7,2,93.96681749622925,27.27272727272727,36.0,96.23824451410658,33.83458646616541,34.883720930232556
696,shahin,SVM,8,1,95.78313253012048,25.0,3.8461538461538463,99.52978056426332,4.62962962962963,4.201680672268908
697,shahin,DT,8,1,88.70481927710844,17.333333333333336,50.0,90.28213166144201,36.312849162011176,42.07119741100323
698,shahin,RF,8,1,96.23493975903614,66.66666666666666,7.6923076923076925,99.84326018808778,9.345794392523365,8.438818565400844
699,shahin,LR,8,1,95.63253012048193,38.46153846153847,19.230769230769234,98.7460815047022,21.36752136752137,20.24291497975709
700,shahin,SVM,8,2,95.32428355957768,28.57142857142857,16.0,98.43260188087774,17.543859649122805,16.736401673640167
701,shahin,DT,8,2,87.63197586726999,9.859154929577464,28.000000000000004,89.96865203761756,20.467836257309948,23.648648648648653
702,shahin,RF,8,2,95.62594268476622,35.714285714285715,20.0,98.58934169278997,21.929824561403514,20.92050209205021
703,shahin,LR,8,2,93.51432880844645,23.52941176470588,32.0,95.92476489028213,29.850746268656714,30.888030888030887
704,shahin,SVM,9,1,95.33132530120481,36.84210526315789,26.923076923076923,98.11912225705329,28.455284552845526,27.66798418972332
705,shahin,DT,9,1,93.82530120481928,24.137931034482758,26.923076923076923,96.55172413793103,26.31578947368421,26.61596958174905
706,shahin,RF,9,1,95.48192771084338,37.5,23.076923076923077,98.43260188087774,25.0,24.0
707,shahin,LR,9,1,94.27710843373494,31.25,38.46153846153847,96.55172413793103,36.76470588235295,37.59398496240602
708,shahin,SVM,9,2,96.38009049773756,60.0,12.0,99.68652037617555,14.285714285714285,13.043478260869565
709,shahin,DT,9,2,92.15686274509804,18.6046511627907,32.0,94.5141065830721,27.97202797202797,29.85074626865672
710,shahin,RF,9,2,96.38009049773756,53.84615384615385,28.000000000000004,99.05956112852664,30.973451327433633,29.411764705882355
711,shahin,LR,9,2,95.62594268476622,41.66666666666667,40.0,97.80564263322884,40.322580645161295,40.16064257028113
712,shahin,SVM,10,1,95.48192771084338,25.0,7.6923076923076925,99.05956112852664,8.92857142857143,8.264462809917356
713,shahin,DT,10,1,91.86746987951807,15.0,23.076923076923077,94.67084639498434,20.833333333333336,21.897810218978105
714,shahin,RF,10,1,95.18072289156626,28.57142857142857,15.384615384615385,98.43260188087774,16.949152542372882,16.12903225806452
715,shahin,LR,10,1,94.12650602409639,27.586206896551722,30.76923076923077,96.70846394984326,30.075187969924816,30.418250950570346
716,shahin,SVM,10,2,96.07843137254902,42.857142857142854,12.0,99.37304075235109,14.018691588785048,12.931034482758621
717,shahin,DT,10,2,91.10105580693816,11.363636363636363,20.0,93.8871473354232,17.36111111111111,18.58736059479554
718,shahin,RF,10,2,95.92760180995475,40.0,16.0,99.05956112852664,18.181818181818183,17.02127659574468
719,shahin,LR,10,2,95.77677224736048,40.0,24.0,98.58934169278997,26.08695652173913,25.0
720,yang,SVM,1,1,98.5576923076923,50.0,22.22222222222222,99.67479674796748,25.0,23.52941176470588
721,yang,DT,1,1,95.59294871794873,10.638297872340425,27.77777777777778,96.58536585365853,21.008403361344534,23.923444976076553
722,yang,RF,1,1,98.5576923076923,0.0,0.0,100.0,0.0,0.0
723,yang,LR,1,1,98.3974358974359,42.857142857142854,33.33333333333333,99.34959349593497,34.883720930232556,34.09090909090909
724,yang,SVM,1,2,98.71794871794873,80.0,21.052631578947366,99.91863303498779,24.691358024691358,22.727272727272727
725,yang,DT,1,2,97.03525641025641,5.0,5.263157894736842,98.4540276647681,5.208333333333333,5.2356020942408374
726,yang,RF,1,2,98.4775641025641,0.0,0.0,100.0,0.0,0.0
727,yang,LR,1,2,98.3173076923077,44.44444444444444,42.10526315789473,99.18633034987795,42.5531914893617,42.32804232804233
728,yang,SVM,2,1,98.5576923076923,60.0,15.789473684210526,99.8372660699756,18.51851851851852,17.045454545454547
729,yang,DT,2,1,96.7948717948718,11.11111111111111,15.789473684210526,98.04719283970708,14.563106796116504,15.151515151515149
730,yang,RF,2,1,98.3974358974359,33.33333333333333,5.263157894736842,99.8372660699756,6.329113924050632,5.747126436781608
731,yang,LR,2,1,97.91666666666666,34.78260869565217,42.10526315789473,98.77949552481692,40.4040404040404,41.23711340206186
732,yang,SVM,2,2,98.5576923076923,50.0,11.11111111111111,99.83739837398375,13.157894736842104,12.048192771084338
733,yang,DT,2,2,96.39423076923077,15.384615384615385,33.33333333333333,97.3170731707317,27.027027027027028,29.850746268656714
734,yang,RF,2,2,98.4775641025641,0.0,0.0,99.91869918699187,0.0,0.0
735,yang,LR,2,2,98.3173076923077,40.0,33.33333333333333,99.26829268292683,34.48275862068965,33.89830508474576
736,yang,SVM,3,1,98.15705128205127,22.22222222222222,11.11111111111111,99.43089430894308,12.345679012345679,11.695906432748536
737,yang,DT,3,1,96.875,20.0,38.88888888888889,97.72357723577237,32.71028037383177,35.53299492385786
738,yang,RF,3,1,98.5576923076923,0.0,0.0,100.0,0.0,0.0
739,yang,LR,3,1,97.91666666666666,31.818181818181817,38.88888888888889,98.78048780487805,37.234042553191486,38.04347826086956
740,yang,SVM,3,2,98.3974358974359,42.857142857142854,15.789473684210526,99.67453213995118,18.072289156626507,16.853932584269664
741,yang,DT,3,2,97.11538461538461,9.523809523809524,10.526315789473683,98.4540276647681,10.309278350515463,10.416666666666668
742,yang,RF,3,2,98.4775641025641,0.0,0.0,100.0,0.0,0.0
743,yang,LR,3,2,98.5576923076923,55.55555555555556,26.31578947368421,99.67453213995118,29.411764705882348,27.777777777777775
744,yang,SVM,4,1,98.4775641025641,0.0,0.0,100.0,0.0,0.0
745,yang,DT,4,1,96.7948717948718,21.62162162162162,42.10526315789473,97.64035801464605,35.39823008849557,38.46153846153846
746,yang,RF,4,1,98.4775641025641,0.0,0.0,100.0,0.0,0.0
747,yang,LR,4,1,98.3974358974359,46.15384615384615,31.57894736842105,99.43043124491456,33.70786516853933,32.60869565217391
748,yang,SVM,4,2,98.3974358974359,33.33333333333333,11.11111111111111,99.67479674796748,12.82051282051282,11.904761904761903
749,yang,DT,4,2,97.35576923076923,20.0,27.77777777777778,98.3739837398374,25.773195876288657,26.737967914438503
750,yang,RF,4,2,98.63782051282051,100.0,5.555555555555555,100.0,6.849315068493151,6.134969325153375
751,yang,LR,4,2,97.91666666666666,27.77777777777778,27.77777777777778,98.9430894308943,27.77777777777778,27.77777777777778
752,yang,SVM,5,1,98.23717948717949,28.57142857142857,10.526315789473683,99.59316517493897,12.048192771084336,11.235955056179774
753,yang,DT,5,1,97.03525641025641,12.5,15.789473684210526,98.29129373474369,15.0,15.384615384615385
754,yang,RF,5,1,98.4775641025641,0.0,0.0,100.0,0.0,0.0
755,yang,LR,5,1,98.3974358974359,47.05882352941176,42.10526315789473,99.26769731489016,43.01075268817204,42.553191489361694
756,yang,SVM,5,2,98.5576923076923,50.0,5.555555555555555,99.91869918699187,6.756756756756757,6.097560975609757
757,yang,DT,5,2,95.99358974358975,16.666666666666664,44.44444444444444,96.7479674796748,33.33333333333333,38.09523809523809
758,yang,RF,5,2,98.5576923076923,50.0,5.555555555555555,99.91869918699187,6.756756756756757,6.097560975609757
759,yang,LR,5,2,98.5576923076923,50.0,33.33333333333333,99.51219512195122,35.71428571428571,34.48275862068965
760,yang,SVM,6,1,98.23717948717949,0.0,0.0,99.67479674796748,0.0,0.0
761,yang,DT,6,1,96.71474358974359,10.344827586206897,16.666666666666664,97.88617886178862,14.85148514851485,15.706806282722516
762,yang,RF,6,1,98.63782051282051,100.0,5.555555555555555,100.0,6.849315068493151,6.134969325153375
763,yang,LR,6,1,98.23717948717949,37.5,33.33333333333333,99.1869918699187,34.09090909090909,33.70786516853933
764,yang,SVM,6,2,98.23717948717949,0.0,0.0,99.75589910496339,0.0,0.0
765,yang,DT,6,2,96.63461538461539,17.142857142857142,31.57894736842105,97.64035801464605,27.027027027027028,29.126213592233007
766,yang,RF,6,2,98.4775641025641,0.0,0.0,100.0,0.0,0.0
767,yang,LR,6,2,98.3974358974359,46.15384615384615,31.57894736842105,99.43043124491456,33.70786516853933,32.60869565217391
768,yang,SVM,7,1,98.4775641025641,50.0,10.526315789473683,99.8372660699756,12.5,11.428571428571427
769,yang,DT,7,1,97.11538461538461,13.043478260869565,15.789473684210526,98.3726606997559,15.151515151515154,15.463917525773196
770,yang,RF,7,1,98.3974358974359,0.0,0.0,99.91863303498779,0.0,0.0
771,yang,LR,7,1,98.3173076923077,40.0,21.052631578947366,99.51179820992677,23.25581395348837,22.09944751381215
772,yang,SVM,7,2,98.4775641025641,40.0,11.11111111111111,99.7560975609756,12.987012987012985,11.976047904191615
773,yang,DT,7,2,96.39423076923077,13.513513513513514,27.77777777777778,97.39837398373984,22.93577981651376,25.125628140703522
774,yang,RF,7,2,98.5576923076923,0.0,0.0,100.0,0.0,0.0
775,yang,LR,7,2,98.23717948717949,40.909090909090914,50.0,98.9430894308943,47.87234042553191,48.91304347826087
776,yang,SVM,8,1,98.5576923076923,50.0,11.11111111111111,99.83739837398375,13.157894736842104,12.048192771084338
777,yang,DT,8,1,95.1923076923077,13.793103448275861,44.44444444444444,95.9349593495935,30.769230769230766,36.36363636363636
778,yang,RF,8,1,98.5576923076923,0.0,0.0,100.0,0.0,0.0
779,yang,LR,8,1,98.07692307692307,28.57142857142857,22.22222222222222,99.1869918699187,23.255813953488367,22.727272727272723
780,yang,SVM,8,2,98.3974358974359,33.33333333333333,5.263157894736842,99.8372660699756,6.329113924050632,5.747126436781608
781,yang,DT,8,2,97.43589743589743,25.925925925925924,36.84210526315789,98.3726606997559,33.98058252427184,35.35353535353536
782,yang,RF,8,2,98.4775641025641,0.0,0.0,100.0,0.0,0.0
783,yang,LR,8,2,98.4775641025641,50.0,36.84210526315789,99.43043124491456,38.88888888888889,37.83783783783784
784,yang,SVM,9,1,98.71794871794873,62.5,27.77777777777778,99.7560975609756,31.25,29.411764705882355
785,yang,DT,9,1,96.63461538461539,10.0,16.666666666666664,97.80487804878048,14.705882352941178,15.625
786,yang,RF,9,1,98.5576923076923,0.0,0.0,100.0,0.0,0.0
787,yang,LR,9,1,98.23717948717949,38.88888888888889,38.88888888888889,99.10569105691057,38.88888888888889,38.88888888888889
788,yang,SVM,9,2,98.3974358974359,40.0,10.526315789473683,99.75589910496339,12.345679012345679,11.363636363636363
789,yang,DT,9,2,95.67307692307693,7.317073170731707,15.789473684210526,96.90805532953621,12.82051282051282,14.150943396226415
790,yang,RF,9,2,98.3974358974359,0.0,0.0,99.91863303498779,0.0,0.0
791,yang,LR,9,2,98.3173076923077,44.44444444444444,42.10526315789473,99.18633034987795,42.5531914893617,42.32804232804233
792,yang,SVM,10,1,98.3974358974359,25.0,5.555555555555555,99.7560975609756,6.578947368421052,6.024096385542169
793,yang,DT,10,1,97.11538461538461,12.5,16.666666666666664,98.29268292682927,15.625,16.129032258064512
794,yang,RF,10,1,98.5576923076923,0.0,0.0,100.0,0.0,0.0
795,yang,LR,10,1,98.3173076923077,40.0,33.33333333333333,99.26829268292683,34.48275862068965,33.89830508474576
796,yang,SVM,10,2,98.4775641025641,50.0,15.789473684210526,99.75589910496339,18.29268292682927,16.94915254237288
797,yang,DT,10,2,96.23397435897436,8.823529411764707,15.789473684210526,97.47762408462164,13.636363636363635,14.634146341463413
798,yang,RF,10,2,98.4775641025641,0.0,0.0,100.0,0.0,0.0
799,yang,LR,10,2,97.99679487179486,31.25,26.31578947368421,99.10496338486574,27.173913043478258,26.737967914438503
